,time,VCH1,VCH2
0,-2.5e-05,-2.4,0.8
1,-2.498e-05,-2.4,0.8
2,-2.496e-05,-2.4,0.8
3,-2.4940000000000002e-05,-2.56,0.8
4,-2.4920000000000002e-05,-2.4,0.88
5,-2.4900000000000002e-05,-2.4,0.88
6,-2.4880000000000002e-05,-2.4,0.8
7,-2.4860000000000003e-05,-2.48,0.8
8,-2.4840000000000003e-05,-2.4,0.72
9,-2.482e-05,-2.48,0.72
10,-2.48e-05,-2.4,0.88
11,-2.478e-05,-2.48,0.8
12,-2.476e-05,-2.4,0.8
13,-2.474e-05,-2.48,0.88
14,-2.472e-05,-2.56,0.64
15,-2.47e-05,-2.56,0.8
16,-2.468e-05,-2.56,0.72
17,-2.466e-05,-2.56,0.8
18,-2.464e-05,-2.48,0.72
19,-2.462e-05,-2.4,0.72
20,-2.46e-05,-2.48,0.64
21,-2.4580000000000002e-05,-2.4,0.8
22,-2.4560000000000002e-05,-2.48,0.88
23,-2.4540000000000002e-05,-2.56,0.64
24,-2.4520000000000002e-05,-2.4,0.72
25,-2.4500000000000003e-05,-2.48,0.72
26,-2.4480000000000003e-05,-2.56,0.72
27,-2.446e-05,-2.56,0.64
28,-2.444e-05,-2.48,0.72
29,-2.442e-05,-2.56,0.64
30,-2.44e-05,-2.48,0.8
31,-2.438e-05,-2.48,0.72
32,-2.436e-05,-2.48,0.64
33,-2.434e-05,-2.56,0.64
34,-2.432e-05,-2.48,0.64
35,-2.43e-05,-2.56,0.64
36,-2.428e-05,-2.4,0.72
37,-2.426e-05,-2.48,0.72
38,-2.4240000000000002e-05,-2.4,0.64
39,-2.4220000000000002e-05,-2.48,0.64
40,-2.4200000000000002e-05,-2.4,0.56
41,-2.4180000000000002e-05,-2.56,0.64
42,-2.4160000000000002e-05,-2.4,0.72
43,-2.4140000000000003e-05,-2.56,0.72
44,-2.412e-05,-2.4,0.56
45,-2.41e-05,-2.48,0.64
46,-2.408e-05,-2.48,0.64
47,-2.406e-05,-2.48,0.56
48,-2.404e-05,-2.32,0.64
49,-2.402e-05,-2.48,0.72
50,-2.4e-05,-2.48,0.64
51,-2.398e-05,-2.4,0.56
52,-2.396e-05,-2.32,0.64
53,-2.394e-05,-2.48,0.48
54,-2.392e-05,-2.48,0.64
55,-2.39e-05,-2.56,0.64
56,-2.3880000000000002e-05,-2.4,0.56
57,-2.3860000000000002e-05,-2.48,0.56
58,-2.3840000000000002e-05,-2.48,0.56
59,-2.3820000000000002e-05,-2.4,0.56
60,-2.3800000000000003e-05,-2.32,0.56
61,-2.3780000000000003e-05,-2.48,0.64
62,-2.3760000000000003e-05,-2.32,0.56
63,-2.374e-05,-2.48,0.48
64,-2.372e-05,-2.4,0.64
65,-2.37e-05,-2.4,0.48
66,-2.368e-05,-2.4,0.56
67,-2.366e-05,-2.48,0.64
68,-2.364e-05,-2.4,0.48
69,-2.362e-05,-2.48,0.56
70,-2.36e-05,-2.32,0.64
71,-2.358e-05,-2.48,0.48
72,-2.356e-05,-2.24,0.56
73,-2.354e-05,-2.4,0.56
74,-2.3520000000000002e-05,-2.4,0.56
75,-2.3500000000000002e-05,-2.32,0.4
76,-2.3480000000000002e-05,-2.32,0.48
77,-2.3460000000000002e-05,-2.32,0.48
78,-2.3440000000000003e-05,-2.32,0.48
79,-2.3420000000000003e-05,-2.32,0.56
80,-2.34e-05,-2.32,0.48
81,-2.338e-05,-2.24,0.4
82,-2.336e-05,-2.24,0.48
83,-2.334e-05,-2.32,0.48
84,-2.332e-05,-2.24,0.56
85,-2.33e-05,-2.32,0.56
86,-2.328e-05,-2.16,0.4
87,-2.326e-05,-2.32,0.4
88,-2.324e-05,-2.32,0.32
89,-2.322e-05,-2.32,0.4
90,-2.32e-05,-2.32,0.4
91,-2.318e-05,-2.32,0.48
92,-2.3160000000000002e-05,-2.24,0.4
93,-2.3140000000000002e-05,-2.32,0.4
94,-2.3120000000000002e-05,-2.16,0.32
95,-2.3100000000000002e-05,-2.32,0.48
96,-2.3080000000000003e-05,-2.16,0.48
97,-2.306e-05,-2.24,0.4
98,-2.3040000000000003e-05,-2.16,0.32
99,-2.302e-05,-2.24,0.4
100,-2.3e-05,-2.24,0.32
101,-2.298e-05,-2.08,0.4
102,-2.296e-05,-2.16,0.4
103,-2.294e-05,-2.24,0.4
104,-2.292e-05,-2.16,0.4
105,-2.29e-05,-2.16,0.32
106,-2.288e-05,-2.16,0.32
107,-2.286e-05,-2.08,0.32
108,-2.284e-05,-2.08,0.32
109,-2.2820000000000002e-05,-2.0,0.32
110,-2.2800000000000002e-05,-2.08,0.32
111,-2.2780000000000002e-05,-2.08,0.4
112,-2.2760000000000002e-05,-2.08,0.24
113,-2.2740000000000003e-05,-2.16,0.24
114,-2.272e-05,-2.08,0.24
115,-2.2700000000000003e-05,-2.08,0.24
116,-2.268e-05,-2.08,0.32
117,-2.266e-05,-2.0,0.24
118,-2.264e-05,-2.0,0.24
119,-2.262e-05,-2.0,0.24
120,-2.26e-05,-1.92,0.24
121,-2.258e-05,-2.08,0.24
122,-2.256e-05,-1.92,0.16
123,-2.254e-05,-2.0,0.24
124,-2.252e-05,-1.92,0.16
125,-2.25e-05,-2.0,0.24
126,-2.248e-05,-2.0,0.16
127,-2.2460000000000002e-05,-2.0,0.24
128,-2.2440000000000002e-05,-1.92,0.16
129,-2.2420000000000002e-05,-1.92,0.24
130,-2.2400000000000002e-05,-1.92,0.16
131,-2.2380000000000003e-05,-1.84,0.16
132,-2.2360000000000003e-05,-1.84,0.24
133,-2.234e-05,-1.84,0.16
134,-2.232e-05,-1.76,0.16
135,-2.23e-05,-1.92,0.24
136,-2.228e-05,-1.76,0.08
137,-2.226e-05,-1.84,0.16
138,-2.224e-05,-1.76,0.08
139,-2.222e-05,-1.76,0.16
140,-2.22e-05,-1.76,0.08
141,-2.218e-05,-1.84,0.08
142,-2.216e-05,-1.76,0.08
143,-2.214e-05,-1.68,0.08
144,-2.212e-05,-1.68,0.08
145,-2.2100000000000002e-05,-1.76,0.08
146,-2.2080000000000002e-05,-1.68,0.08
147,-2.2060000000000002e-05,-1.76,0.08
148,-2.2040000000000002e-05,-1.68,0.08
149,-2.2020000000000003e-05,-1.76,0.08
150,-2.2e-05,-1.68,0.08
151,-2.1980000000000003e-05,-1.68,0.08
152,-2.196e-05,-1.76,0.08
153,-2.194e-05,-1.6,0.08
154,-2.192e-05,-1.6,-0.08
155,-2.19e-05,-1.6,0.0
156,-2.188e-05,-1.6,0.0
157,-2.186e-05,-1.68,0.16
158,-2.184e-05,-1.6,0.08
159,-2.182e-05,-1.52,0.0
160,-2.18e-05,-1.52,-0.08
161,-2.178e-05,-1.68,0.0
162,-2.1760000000000002e-05,-1.52,0.0
163,-2.1740000000000002e-05,-1.44,0.0
164,-2.1720000000000002e-05,-1.6,0.0
165,-2.1700000000000002e-05,-1.44,0.0
166,-2.1680000000000002e-05,-1.36,-0.24
167,-2.166e-05,-1.44,0.08
168,-2.1640000000000003e-05,-1.44,0.0
169,-2.162e-05,-1.44,-0.08
170,-2.16e-05,-1.52,0.0
171,-2.158e-05,-1.44,0.0
172,-2.156e-05,-1.36,-0.16
173,-2.154e-05,-1.36,-0.08
174,-2.152e-05,-1.28,-0.08
175,-2.15e-05,-1.36,-0.08
176,-2.148e-05,-1.36,-0.16
177,-2.146e-05,-1.28,-0.08
178,-2.144e-05,-1.28,-0.24
179,-2.142e-05,-1.28,-0.08
180,-2.1400000000000002e-05,-1.2,-0.16
181,-2.1380000000000002e-05,-1.2,-0.16
182,-2.1360000000000002e-05,-1.28,-0.08
183,-2.1340000000000002e-05,-1.2,-0.16
184,-2.1320000000000003e-05,-1.12,-0.24
185,-2.1300000000000003e-05,-1.28,-0.16
186,-2.128e-05,-1.12,-0.16
187,-2.126e-05,-1.2,-0.16
188,-2.124e-05,-1.2,-0.16
189,-2.122e-05,-1.2,-0.16
190,-2.12e-05,-1.12,-0.32
191,-2.118e-05,-1.12,-0.24
192,-2.116e-05,-1.12,-0.16
193,-2.114e-05,-1.12,-0.24
194,-2.112e-05,-1.12,-0.16
195,-2.11e-05,-1.04,-0.24
196,-2.108e-05,-1.04,-0.24
197,-2.106e-05,-1.12,-0.24
198,-2.1040000000000002e-05,-0.96,-0.24
199,-2.1020000000000002e-05,-0.88,-0.24
200,-2.1000000000000002e-05,-1.12,-0.32
201,-2.098e-05,-0.88,-0.32
202,-2.0960000000000003e-05,-1.04,-0.4
203,-2.094e-05,-0.88,-0.24
204,-2.0920000000000003e-05,-0.88,-0.24
205,-2.09e-05,-0.88,-0.24
206,-2.088e-05,-0.88,-0.32
207,-2.086e-05,-0.8,-0.32
208,-2.084e-05,-0.8,-0.32
209,-2.082e-05,-0.8,-0.24
210,-2.08e-05,-0.8,-0.24
211,-2.078e-05,-0.8,-0.4
212,-2.076e-05,-0.96,-0.32
213,-2.074e-05,-0.72,-0.24
214,-2.072e-05,-0.72,-0.4
215,-2.0700000000000002e-05,-0.8,-0.32
216,-2.0680000000000002e-05,-0.72,-0.32
217,-2.0660000000000002e-05,-0.72,-0.4
218,-2.0640000000000002e-05,-0.8,-0.4
219,-2.0620000000000002e-05,-0.64,-0.4
220,-2.06e-05,-0.64,-0.48
221,-2.0580000000000003e-05,-0.64,-0.32
222,-2.056e-05,-0.56,-0.32
223,-2.054e-05,-0.64,-0.4
224,-2.052e-05,-0.64,-0.4
225,-2.05e-05,-0.64,-0.4
226,-2.048e-05,-0.64,-0.48
227,-2.046e-05,-0.48,-0.48
228,-2.044e-05,-0.48,-0.4
229,-2.042e-05,-0.48,-0.48
230,-2.04e-05,-0.56,-0.48
231,-2.038e-05,-0.56,-0.48
232,-2.036e-05,-0.48,-0.56
233,-2.0340000000000002e-05,-0.4,-0.56
234,-2.0320000000000002e-05,-0.48,-0.48
235,-2.0300000000000002e-05,-0.48,-0.48
236,-2.0280000000000002e-05,-0.32,-0.48
237,-2.026e-05,-0.4,-0.56
238,-2.0240000000000003e-05,-0.48,-0.48
239,-2.022e-05,-0.32,-0.56
240,-2.0200000000000003e-05,-0.32,-0.48
241,-2.018e-05,-0.4,-0.48
242,-2.016e-05,-0.32,-0.56
243,-2.014e-05,-0.4,-0.56
244,-2.012e-05,-0.4,-0.64
245,-2.01e-05,-0.24,-0.56
246,-2.008e-05,-0.16,-0.4
247,-2.006e-05,-0.24,-0.64
248,-2.004e-05,-0.24,-0.48
249,-2.002e-05,-0.24,-0.64
250,-2e-05,-0.24,-0.56
251,-1.9980000000000002e-05,-0.16,-0.56
252,-1.9960000000000002e-05,-0.08,-0.48
253,-1.9940000000000002e-05,-0.16,-0.64
254,-1.992e-05,-0.16,-0.56
255,-1.9900000000000003e-05,-0.16,-0.64
256,-1.988e-05,-0.08,-0.56
257,-1.9860000000000003e-05,0.0,-0.64
258,-1.984e-05,-0.08,-0.64
259,-1.982e-05,-0.08,-0.56
260,-1.98e-05,0.0,-0.72
261,-1.978e-05,0.0,-0.64
262,-1.976e-05,0.0,-0.64
263,-1.974e-05,0.08,-0.48
264,-1.972e-05,0.0,-0.64
265,-1.97e-05,0.0,-0.72
266,-1.968e-05,0.16,-0.64
267,-1.966e-05,0.08,-0.64
268,-1.9640000000000002e-05,0.16,-0.64
269,-1.9620000000000002e-05,0.08,-0.72
270,-1.9600000000000002e-05,0.16,-0.64
271,-1.9580000000000002e-05,0.08,-0.64
272,-1.9560000000000002e-05,0.08,-0.8
273,-1.954e-05,0.16,-0.72
274,-1.9520000000000003e-05,0.24,-0.8
275,-1.95e-05,0.24,-0.64
276,-1.948e-05,0.24,-0.72
277,-1.946e-05,0.32,-0.72
278,-1.944e-05,0.24,-0.72
279,-1.942e-05,0.24,-0.72
280,-1.94e-05,0.32,-0.8
281,-1.938e-05,0.32,-0.72
282,-1.936e-05,0.32,-0.64
283,-1.934e-05,0.24,-0.64
284,-1.932e-05,0.4,-0.72
285,-1.93e-05,0.32,-0.8
286,-1.9280000000000002e-05,0.4,-0.8
287,-1.9260000000000002e-05,0.48,-0.72
288,-1.9240000000000002e-05,0.48,-0.72
289,-1.9220000000000002e-05,0.4,-0.8
290,-1.92e-05,0.4,-0.8
291,-1.9180000000000003e-05,0.48,-0.8
292,-1.916e-05,0.48,-0.88
293,-1.9140000000000003e-05,0.48,-0.72
294,-1.912e-05,0.64,-0.8
295,-1.91e-05,0.64,-0.8
296,-1.908e-05,0.56,-0.88
297,-1.906e-05,0.64,-0.8
298,-1.904e-05,0.64,-0.88
299,-1.902e-05,0.64,-0.8
300,-1.9e-05,0.64,-0.8
301,-1.898e-05,0.56,-0.88
302,-1.896e-05,0.64,-0.88
303,-1.894e-05,0.64,-0.88
304,-1.8920000000000002e-05,0.64,-0.8
305,-1.8900000000000002e-05,0.72,-0.8
306,-1.8880000000000002e-05,0.72,-0.88
307,-1.886e-05,0.64,-0.8
308,-1.8840000000000003e-05,0.8,-0.96
309,-1.882e-05,0.72,-0.8
310,-1.8800000000000003e-05,0.8,-0.96
311,-1.878e-05,0.8,-0.88
312,-1.876e-05,0.8,-0.88
313,-1.874e-05,0.72,-0.96
314,-1.872e-05,0.72,-0.88
315,-1.87e-05,0.8,-0.88
316,-1.868e-05,0.96,-0.96
317,-1.866e-05,0.96,-0.88
318,-1.864e-05,0.96,-0.88
319,-1.862e-05,0.88,-1.04
320,-1.86e-05,0.96,-0.96
321,-1.858e-05,0.8,-0.8
322,-1.8560000000000002e-05,1.04,-0.96
323,-1.8540000000000002e-05,1.04,-0.96
324,-1.8520000000000002e-05,1.12,-0.96
325,-1.8500000000000002e-05,0.96,-0.96
326,-1.848e-05,0.96,-0.88
327,-1.8460000000000003e-05,1.04,-0.8
328,-1.844e-05,1.12,-0.88
329,-1.842e-05,1.12,-0.88
330,-1.84e-05,1.04,-0.88
331,-1.838e-05,1.04,-0.96
332,-1.836e-05,1.36,-1.04
333,-1.834e-05,1.12,-0.96
334,-1.832e-05,1.2,-0.96
335,-1.83e-05,1.2,-0.96
336,-1.828e-05,1.28,-0.96
337,-1.826e-05,1.2,-0.96
338,-1.824e-05,1.36,-0.96
339,-1.8220000000000002e-05,1.2,-0.8
340,-1.8200000000000002e-05,1.2,-0.96
341,-1.8180000000000002e-05,1.2,-1.04
342,-1.8160000000000002e-05,1.36,-0.96
343,-1.814e-05,1.28,-1.04
344,-1.8120000000000003e-05,1.28,-1.04
345,-1.81e-05,1.28,-1.04
346,-1.8080000000000003e-05,1.36,-0.96
347,-1.806e-05,1.36,-1.12
348,-1.804e-05,1.44,-1.04
349,-1.802e-05,1.28,-1.04
350,-1.8e-05,1.44,-1.04
351,-1.798e-05,1.44,-0.96
352,-1.796e-05,1.36,-0.96
353,-1.794e-05,1.36,-1.04
354,-1.792e-05,1.52,-0.96
355,-1.79e-05,1.36,-1.04
356,-1.788e-05,1.44,-1.04
357,-1.7860000000000002e-05,1.52,-1.04
358,-1.7840000000000002e-05,1.52,-0.96
359,-1.7820000000000002e-05,1.44,-1.04
360,-1.78e-05,1.52,-0.96
361,-1.7780000000000003e-05,1.52,-1.04
362,-1.776e-05,1.52,-1.04
363,-1.7740000000000003e-05,1.52,-0.96
364,-1.772e-05,1.52,-1.04
365,-1.77e-05,1.52,-1.12
366,-1.768e-05,1.68,-1.04
367,-1.766e-05,1.52,-1.12
368,-1.764e-05,1.68,-1.04
369,-1.762e-05,1.6,-0.96
370,-1.76e-05,1.52,-1.04
371,-1.758e-05,1.52,-1.04
372,-1.756e-05,1.68,-1.04
373,-1.754e-05,1.6,-1.12
374,-1.752e-05,1.68,-1.12
375,-1.7500000000000002e-05,1.68,-1.04
376,-1.7480000000000002e-05,1.68,-1.04
377,-1.7460000000000002e-05,1.6,-1.12
378,-1.7440000000000002e-05,1.68,-1.04
379,-1.742e-05,1.68,-1.04
380,-1.7400000000000003e-05,1.76,-1.04
381,-1.738e-05,1.84,-1.04
382,-1.7360000000000003e-05,1.84,-1.04
383,-1.734e-05,1.76,-0.96
384,-1.732e-05,1.84,-1.04
385,-1.73e-05,1.84,-1.12
386,-1.728e-05,1.76,-1.2
387,-1.726e-05,1.84,-1.04
388,-1.724e-05,1.84,-1.2
389,-1.722e-05,1.76,-1.04
390,-1.72e-05,1.76,-1.04
391,-1.718e-05,1.84,-1.2
392,-1.7160000000000002e-05,1.84,-1.04
393,-1.7140000000000002e-05,1.92,-1.04
394,-1.712e-05,2.0,-1.04
395,-1.7100000000000002e-05,1.84,-1.12
396,-1.708e-05,1.84,-1.12
397,-1.7060000000000003e-05,2.0,-1.12
398,-1.704e-05,1.92,-1.04
399,-1.7020000000000003e-05,1.84,-1.04
400,-1.7e-05,2.0,-1.2
401,-1.6980000000000003e-05,2.08,-1.12
402,-1.696e-05,1.92,-1.12
403,-1.694e-05,1.92,-1.12
404,-1.692e-05,2.08,-1.12
405,-1.69e-05,1.84,-1.12
406,-1.688e-05,2.0,-1.2
407,-1.686e-05,2.0,-1.04
408,-1.684e-05,2.0,-1.12
409,-1.682e-05,2.0,-1.12
410,-1.6800000000000002e-05,2.0,-1.12
411,-1.678e-05,2.08,-0.96
412,-1.6760000000000002e-05,2.08,-0.96
413,-1.674e-05,1.92,-1.12
414,-1.6720000000000003e-05,2.08,-0.96
415,-1.67e-05,2.0,-1.12
416,-1.6680000000000003e-05,2.16,-1.04
417,-1.666e-05,2.16,-1.04
418,-1.6640000000000003e-05,2.16,-1.04
419,-1.662e-05,2.16,-1.04
420,-1.66e-05,2.08,-0.96
421,-1.658e-05,2.16,-1.12
422,-1.656e-05,2.08,-1.04
423,-1.654e-05,2.16,-0.96
424,-1.652e-05,2.16,-1.04
425,-1.65e-05,2.16,-1.12
426,-1.648e-05,2.24,-1.04
427,-1.646e-05,2.16,-1.12
428,-1.6440000000000002e-05,2.16,-1.2
429,-1.6420000000000002e-05,2.16,-1.04
430,-1.64e-05,2.32,-1.2
431,-1.6380000000000002e-05,2.16,-1.12
432,-1.636e-05,2.16,-1.04
433,-1.6340000000000003e-05,2.24,-1.12
434,-1.632e-05,2.32,-1.04
435,-1.6300000000000003e-05,2.16,-1.12
436,-1.628e-05,2.24,-1.2
437,-1.626e-05,2.24,-1.12
438,-1.624e-05,2.24,-1.12
439,-1.622e-05,2.4,-1.12
440,-1.62e-05,2.24,-1.04
441,-1.618e-05,2.24,-1.04
442,-1.616e-05,2.32,-1.2
443,-1.614e-05,2.24,-1.04
444,-1.612e-05,2.32,-1.04
445,-1.6100000000000002e-05,2.32,-1.04
446,-1.6080000000000002e-05,2.32,-1.04
447,-1.606e-05,2.24,-0.96
448,-1.6040000000000002e-05,2.32,-1.04
449,-1.602e-05,2.24,-1.04
450,-1.6000000000000003e-05,2.32,-0.96
451,-1.598e-05,2.24,-1.12
452,-1.5960000000000003e-05,2.4,-1.04
453,-1.594e-05,2.4,-1.04
454,-1.5920000000000003e-05,2.32,-1.04
455,-1.59e-05,2.24,-0.96
456,-1.588e-05,2.32,-1.12
457,-1.586e-05,2.32,-1.12
458,-1.584e-05,2.4,-1.04
459,-1.582e-05,2.32,-1.04
460,-1.58e-05,2.32,-1.04
461,-1.578e-05,2.32,-0.96
462,-1.576e-05,2.32,-0.96
463,-1.5740000000000002e-05,2.4,-1.12
464,-1.572e-05,2.4,-0.96
465,-1.5700000000000002e-05,2.32,-0.96
466,-1.568e-05,2.4,-1.04
467,-1.5660000000000003e-05,2.32,-1.12
468,-1.564e-05,2.48,-0.96
469,-1.5620000000000003e-05,2.48,-0.96
470,-1.56e-05,2.48,-1.04
471,-1.5580000000000003e-05,2.32,-0.96
472,-1.556e-05,2.4,-1.04
473,-1.554e-05,2.32,-1.04
474,-1.552e-05,2.4,-0.96
475,-1.55e-05,2.48,-1.12
476,-1.548e-05,2.48,-0.96
477,-1.546e-05,2.32,-0.96
478,-1.544e-05,2.4,-1.04
479,-1.542e-05,2.4,-0.96
480,-1.54e-05,2.4,-0.88
481,-1.5380000000000002e-05,2.48,-0.96
482,-1.5360000000000002e-05,2.56,-1.04
483,-1.534e-05,2.32,-0.88
484,-1.5320000000000002e-05,2.32,-1.04
485,-1.53e-05,2.48,-1.04
486,-1.5280000000000003e-05,2.4,-0.96
487,-1.526e-05,2.48,-0.96
488,-1.5240000000000001e-05,2.4,-0.96
489,-1.5220000000000002e-05,2.4,-0.88
490,-1.52e-05,2.4,-0.96
491,-1.518e-05,2.32,-1.04
492,-1.516e-05,2.48,-0.96
493,-1.514e-05,2.4,-0.96
494,-1.5120000000000001e-05,2.4,-0.96
495,-1.5100000000000001e-05,2.4,-0.96
496,-1.5080000000000001e-05,2.48,-0.96
497,-1.5060000000000001e-05,2.4,-0.88
498,-1.5040000000000002e-05,2.56,-0.88
499,-1.502e-05,2.48,-0.88
500,-1.5e-05,2.48,-1.04
501,-1.498e-05,2.32,-0.88
502,-1.496e-05,2.4,-0.88
503,-1.4940000000000001e-05,2.48,-0.96
504,-1.4920000000000001e-05,2.4,-0.96
505,-1.4900000000000001e-05,2.4,-0.88
506,-1.4880000000000002e-05,2.48,-0.88
507,-1.4860000000000002e-05,2.32,-0.88
508,-1.484e-05,2.4,-1.04
509,-1.482e-05,2.24,-0.96
510,-1.48e-05,2.48,-0.8
511,-1.478e-05,2.48,-0.88
512,-1.4760000000000001e-05,2.48,-0.8
513,-1.4740000000000001e-05,2.4,-0.88
514,-1.4720000000000001e-05,2.32,-0.88
515,-1.4700000000000002e-05,2.4,-0.88
516,-1.4680000000000002e-05,2.48,-0.88
517,-1.466e-05,2.4,-0.88
518,-1.464e-05,2.4,-0.88
519,-1.462e-05,2.32,-0.8
520,-1.46e-05,2.48,-0.96
521,-1.4580000000000001e-05,2.32,-0.88
522,-1.4560000000000001e-05,2.48,-0.8
523,-1.4540000000000001e-05,2.32,-0.8
524,-1.4520000000000002e-05,2.4,-0.88
525,-1.4500000000000002e-05,2.32,-0.8
526,-1.448e-05,2.4,-0.88
527,-1.446e-05,2.48,-0.8
528,-1.444e-05,2.4,-0.72
529,-1.4420000000000001e-05,2.4,-0.88
530,-1.4400000000000001e-05,2.4,-0.8
531,-1.4380000000000001e-05,2.24,-0.8
532,-1.4360000000000001e-05,2.4,-0.88
533,-1.4340000000000002e-05,2.24,-0.72
534,-1.4320000000000002e-05,2.32,-0.72
535,-1.43e-05,2.32,-0.8
536,-1.428e-05,2.48,-0.8
537,-1.426e-05,2.4,-0.8
538,-1.4240000000000001e-05,2.4,-0.8
539,-1.4220000000000001e-05,2.32,-0.8
540,-1.4200000000000001e-05,2.32,-0.72
541,-1.4180000000000001e-05,2.32,-0.8
542,-1.4160000000000002e-05,2.32,-0.88
543,-1.414e-05,2.32,-0.72
544,-1.412e-05,2.32,-0.8
545,-1.41e-05,2.32,-0.64
546,-1.408e-05,2.4,-0.72
547,-1.4060000000000001e-05,2.32,-0.72
548,-1.4040000000000001e-05,2.32,-0.72
549,-1.4020000000000001e-05,2.24,-0.8
550,-1.4000000000000001e-05,2.24,-0.88
551,-1.3980000000000002e-05,2.24,-0.72
552,-1.396e-05,2.24,-0.64
553,-1.394e-05,2.32,-0.72
554,-1.392e-05,2.32,-0.64
555,-1.39e-05,2.24,-0.72
556,-1.3880000000000001e-05,2.24,-0.8
557,-1.3860000000000001e-05,2.16,-0.72
558,-1.3840000000000001e-05,2.16,-0.56
559,-1.3820000000000002e-05,2.24,-0.72
560,-1.3800000000000002e-05,2.24,-0.72
561,-1.378e-05,2.16,-0.64
562,-1.376e-05,2.16,-0.8
563,-1.374e-05,2.24,-0.64
564,-1.372e-05,2.24,-0.48
565,-1.3700000000000001e-05,2.16,-0.56
566,-1.3680000000000001e-05,2.16,-0.56
567,-1.3660000000000001e-05,2.16,-0.56
568,-1.3640000000000002e-05,2.16,-0.56
569,-1.3620000000000002e-05,2.08,-0.64
570,-1.36e-05,2.16,-0.56
571,-1.358e-05,2.08,-0.64
572,-1.356e-05,2.16,-0.64
573,-1.354e-05,2.08,-0.56
574,-1.3520000000000001e-05,2.08,-0.64
575,-1.3500000000000001e-05,2.0,-0.48
576,-1.3480000000000001e-05,2.08,-0.48
577,-1.3460000000000002e-05,2.08,-0.56
578,-1.3440000000000002e-05,2.0,-0.56
579,-1.342e-05,2.0,-0.56
580,-1.34e-05,2.0,-0.56
581,-1.338e-05,2.0,-0.48
582,-1.336e-05,2.0,-0.48
583,-1.3340000000000001e-05,2.0,-0.56
584,-1.3320000000000001e-05,2.08,-0.56
585,-1.3300000000000001e-05,1.92,-0.48
586,-1.3280000000000002e-05,1.92,-0.56
587,-1.3260000000000002e-05,2.0,-0.56
588,-1.324e-05,1.92,-0.48
589,-1.322e-05,1.92,-0.48
590,-1.32e-05,2.0,-0.4
591,-1.3180000000000001e-05,1.92,-0.48
592,-1.3160000000000001e-05,2.0,-0.48
593,-1.3140000000000001e-05,1.92,-0.4
594,-1.3120000000000001e-05,1.92,-0.4
595,-1.3100000000000002e-05,1.92,-0.48
596,-1.308e-05,1.92,-0.56
597,-1.306e-05,1.92,-0.48
598,-1.304e-05,1.84,-0.48
599,-1.302e-05,2.0,-0.4
600,-1.3000000000000001e-05,1.92,-0.32
601,-1.2980000000000001e-05,1.84,-0.4
602,-1.2960000000000001e-05,1.92,-0.4
603,-1.2940000000000001e-05,1.84,-0.4
604,-1.2920000000000002e-05,1.84,-0.48
605,-1.29e-05,1.76,-0.32
606,-1.288e-05,1.76,-0.4
607,-1.286e-05,1.84,-0.4
608,-1.284e-05,1.76,-0.4
609,-1.2820000000000001e-05,1.84,-0.24
610,-1.2800000000000001e-05,1.76,-0.4
611,-1.2780000000000001e-05,1.68,-0.32
612,-1.2760000000000001e-05,1.76,-0.24
613,-1.2740000000000002e-05,1.68,-0.32
614,-1.272e-05,1.76,-0.4
615,-1.27e-05,1.76,-0.24
616,-1.268e-05,1.76,-0.4
617,-1.266e-05,1.6,-0.32
618,-1.2640000000000001e-05,1.6,-0.24
619,-1.2620000000000001e-05,1.68,-0.32
620,-1.2600000000000001e-05,1.68,-0.32
621,-1.2580000000000002e-05,1.68,-0.24
622,-1.2560000000000002e-05,1.68,-0.32
623,-1.254e-05,1.52,-0.24
624,-1.252e-05,1.6,-0.24
625,-1.25e-05,1.6,-0.32
626,-1.248e-05,1.6,-0.32
627,-1.2460000000000001e-05,1.52,-0.24
628,-1.2440000000000001e-05,1.44,-0.4
629,-1.2420000000000001e-05,1.52,-0.16
630,-1.2400000000000002e-05,1.52,-0.16
631,-1.2380000000000002e-05,1.52,-0.16
632,-1.236e-05,1.52,-0.16
633,-1.234e-05,1.52,-0.24
634,-1.232e-05,1.52,-0.24
635,-1.23e-05,1.28,-0.16
636,-1.2280000000000001e-05,1.52,-0.16
637,-1.2260000000000001e-05,1.44,-0.16
638,-1.2240000000000001e-05,1.36,-0.16
639,-1.2220000000000002e-05,1.36,-0.16
640,-1.2200000000000002e-05,1.36,-0.32
641,-1.218e-05,1.36,-0.08
642,-1.216e-05,1.44,-0.16
643,-1.214e-05,1.44,-0.16
644,-1.2120000000000001e-05,1.28,-0.08
645,-1.2100000000000001e-05,1.36,-0.16
646,-1.2080000000000001e-05,1.28,-0.24
647,-1.2060000000000001e-05,1.28,-0.08
648,-1.2040000000000002e-05,1.28,-0.08
649,-1.202e-05,1.28,-0.16
650,-1.2e-05,1.2,-0.08
651,-1.198e-05,1.28,0.0
652,-1.196e-05,1.2,-0.16
653,-1.1940000000000001e-05,1.28,-0.08
654,-1.1920000000000001e-05,1.2,-0.16
655,-1.1900000000000001e-05,1.04,-0.08
656,-1.1880000000000001e-05,1.2,0.0
657,-1.1860000000000002e-05,1.2,-0.08
658,-1.184e-05,1.12,-0.16
659,-1.182e-05,1.2,0.0
660,-1.18e-05,1.04,-0.08
661,-1.178e-05,1.12,0.0
662,-1.1760000000000001e-05,1.12,0.08
663,-1.1740000000000001e-05,1.12,0.08
664,-1.1720000000000001e-05,1.12,-0.16
665,-1.1700000000000001e-05,1.04,0.0
666,-1.1680000000000002e-05,1.04,0.08
667,-1.166e-05,0.96,0.0
668,-1.164e-05,0.96,0.08
669,-1.162e-05,1.04,0.16
670,-1.16e-05,1.04,-0.08
671,-1.1580000000000001e-05,1.04,0.08
672,-1.1560000000000001e-05,0.96,-0.08
673,-1.1540000000000001e-05,0.88,0.08
674,-1.1520000000000002e-05,0.88,0.08
675,-1.1500000000000002e-05,0.88,0.08
676,-1.148e-05,0.88,-0.08
677,-1.146e-05,0.8,0.08
678,-1.144e-05,0.88,0.08
679,-1.142e-05,0.88,0.24
680,-1.1400000000000001e-05,0.88,0.16
681,-1.1380000000000001e-05,0.8,0.16
682,-1.1360000000000001e-05,0.88,-0.08
683,-1.1340000000000002e-05,0.8,0.16
684,-1.1320000000000002e-05,0.8,0.16
685,-1.13e-05,0.72,0.24
686,-1.128e-05,0.72,0.24
687,-1.126e-05,0.64,0.16
688,-1.124e-05,0.64,0.08
689,-1.1220000000000001e-05,0.56,0.24
690,-1.1200000000000001e-05,0.72,0.08
691,-1.1180000000000001e-05,0.64,0.16
692,-1.1160000000000002e-05,0.56,0.16
693,-1.114e-05,0.56,0.24
694,-1.112e-05,0.64,0.16
695,-1.11e-05,0.64,0.32
696,-1.108e-05,0.56,0.16
697,-1.106e-05,0.56,0.24
698,-1.1040000000000001e-05,0.56,0.32
699,-1.1020000000000001e-05,0.56,0.24
700,-1.1000000000000001e-05,0.56,0.32
701,-1.0980000000000002e-05,0.48,0.32
702,-1.096e-05,0.4,0.16
703,-1.094e-05,0.4,0.24
704,-1.092e-05,0.4,0.24
705,-1.09e-05,0.4,0.32
706,-1.0880000000000001e-05,0.4,0.24
707,-1.0860000000000001e-05,0.4,0.24
708,-1.0840000000000001e-05,0.48,0.32
709,-1.0820000000000001e-05,0.32,0.32
710,-1.0800000000000002e-05,0.24,0.4
711,-1.078e-05,0.4,0.24
712,-1.076e-05,0.32,0.24
713,-1.074e-05,0.32,0.32
714,-1.072e-05,0.32,0.32
715,-1.0700000000000001e-05,0.32,0.4
716,-1.0680000000000001e-05,0.24,0.32
717,-1.0660000000000001e-05,0.24,0.4
718,-1.0640000000000001e-05,0.24,0.24
719,-1.0620000000000002e-05,0.24,0.4
720,-1.06e-05,0.08,0.32
721,-1.058e-05,0.08,0.4
722,-1.056e-05,0.0,0.4
723,-1.054e-05,0.08,0.4
724,-1.0520000000000001e-05,0.08,0.48
725,-1.0500000000000001e-05,0.16,0.32
726,-1.0480000000000001e-05,0.08,0.48
727,-1.0460000000000001e-05,0.08,0.4
728,-1.0440000000000002e-05,0.16,0.48
729,-1.042e-05,0.0,0.4
730,-1.04e-05,0.0,0.48
731,-1.038e-05,0.0,0.48
732,-1.036e-05,0.0,0.48
733,-1.0340000000000001e-05,-0.08,0.48
734,-1.0320000000000001e-05,0.0,0.4
735,-1.0300000000000001e-05,-0.16,0.4
736,-1.0280000000000002e-05,-0.08,0.48
737,-1.0260000000000002e-05,-0.08,0.48
738,-1.024e-05,-0.24,0.4
739,-1.022e-05,-0.24,0.56
740,-1.02e-05,-0.16,0.48
741,-1.018e-05,-0.24,0.48
742,-1.0160000000000001e-05,-0.16,0.48
743,-1.0140000000000001e-05,-0.24,0.48
744,-1.0120000000000001e-05,-0.24,0.4
745,-1.0100000000000002e-05,-0.4,0.56
746,-1.008e-05,-0.32,0.48
747,-1.006e-05,-0.4,0.48
748,-1.004e-05,-0.24,0.48
749,-1.002e-05,-0.32,0.48
750,-1e-05,-0.24,0.4
751,-9.980000000000001e-06,-0.48,0.64
752,-9.960000000000001e-06,-0.4,0.48
753,-9.940000000000001e-06,-0.48,0.4
754,-9.920000000000002e-06,-0.4,0.56
755,-9.9e-06,-0.4,0.56
756,-9.88e-06,-0.4,0.56
757,-9.86e-06,-0.48,0.56
758,-9.84e-06,-0.56,0.48
759,-9.820000000000001e-06,-0.56,0.56
760,-9.800000000000001e-06,-0.48,0.56
761,-9.780000000000001e-06,-0.32,0.56
762,-9.760000000000001e-06,-0.48,0.56
763,-9.740000000000002e-06,-0.56,0.64
764,-9.720000000000002e-06,-0.56,0.64
765,-9.700000000000002e-06,-0.64,0.48
766,-9.680000000000002e-06,-0.64,0.48
767,-9.660000000000002e-06,-0.64,0.56
768,-9.64e-06,-0.56,0.56
769,-9.62e-06,-0.64,0.64
770,-9.6e-06,-0.64,0.56
771,-9.58e-06,-0.64,0.56
772,-9.56e-06,-0.56,0.48
773,-9.54e-06,-0.64,0.56
774,-9.52e-06,-0.72,0.64
775,-9.5e-06,-0.72,0.64
776,-9.48e-06,-0.72,0.64
777,-9.460000000000001e-06,-0.72,0.56
778,-9.440000000000001e-06,-0.72,0.56
779,-9.420000000000001e-06,-0.8,0.64
780,-9.400000000000001e-06,-0.8,0.72
781,-9.380000000000002e-06,-0.8,0.64
782,-9.360000000000002e-06,-0.88,0.64
783,-9.340000000000002e-06,-0.8,0.64
784,-9.320000000000002e-06,-0.88,0.64
785,-9.300000000000002e-06,-0.88,0.72
786,-9.28e-06,-0.8,0.72
787,-9.26e-06,-0.96,0.72
788,-9.24e-06,-0.96,0.72
789,-9.22e-06,-0.96,0.64
790,-9.2e-06,-0.88,0.64
791,-9.18e-06,-0.96,0.56
792,-9.16e-06,-0.96,0.8
793,-9.14e-06,-0.96,0.72
794,-9.12e-06,-1.04,0.72
795,-9.100000000000001e-06,-0.96,0.64
796,-9.080000000000001e-06,-1.04,0.72
797,-9.060000000000001e-06,-0.96,0.64
798,-9.040000000000002e-06,-1.04,0.8
799,-9.020000000000002e-06,-1.04,0.8
800,-9.000000000000002e-06,-1.12,0.8
801,-8.980000000000002e-06,-1.12,0.64
802,-8.960000000000002e-06,-1.12,0.72
803,-8.940000000000002e-06,-1.04,0.8
804,-8.92e-06,-1.12,0.72
805,-8.9e-06,-1.2,0.8
806,-8.88e-06,-1.28,0.8
807,-8.86e-06,-1.2,0.8
808,-8.84e-06,-1.2,0.72
809,-8.82e-06,-1.2,0.8
810,-8.8e-06,-1.2,0.8
811,-8.78e-06,-1.28,0.8
812,-8.76e-06,-1.28,0.8
813,-8.740000000000001e-06,-1.2,0.8
814,-8.720000000000001e-06,-1.28,0.88
815,-8.700000000000001e-06,-1.36,0.8
816,-8.680000000000002e-06,-1.28,0.8
817,-8.660000000000002e-06,-1.36,0.8
818,-8.640000000000002e-06,-1.44,0.8
819,-8.620000000000002e-06,-1.36,0.72
820,-8.600000000000002e-06,-1.44,0.72
821,-8.58e-06,-1.44,0.8
822,-8.56e-06,-1.36,0.8
823,-8.54e-06,-1.44,0.8
824,-8.52e-06,-1.52,0.72
825,-8.5e-06,-1.44,0.8
826,-8.48e-06,-1.36,0.88
827,-8.46e-06,-1.44,0.88
828,-8.44e-06,-1.6,0.8
829,-8.42e-06,-1.52,0.88
830,-8.400000000000001e-06,-1.52,0.88
831,-8.380000000000001e-06,-1.52,0.8
832,-8.360000000000001e-06,-1.52,0.88
833,-8.340000000000001e-06,-1.52,0.88
834,-8.320000000000002e-06,-1.52,0.88
835,-8.300000000000002e-06,-1.6,0.96
836,-8.280000000000002e-06,-1.6,0.88
837,-8.260000000000002e-06,-1.6,0.8
838,-8.240000000000002e-06,-1.6,0.88
839,-8.22e-06,-1.68,0.8
840,-8.2e-06,-1.68,0.8
841,-8.18e-06,-1.52,0.96
842,-8.16e-06,-1.76,0.8
843,-8.14e-06,-1.68,0.88
844,-8.12e-06,-1.6,0.88
845,-8.1e-06,-1.68,0.88
846,-8.08e-06,-1.76,0.88
847,-8.06e-06,-1.84,0.88
848,-8.040000000000001e-06,-1.76,0.88
849,-8.020000000000001e-06,-1.76,0.96
850,-8.000000000000001e-06,-1.68,0.72
851,-7.980000000000002e-06,-1.84,0.88
852,-7.960000000000002e-06,-1.84,0.8
853,-7.940000000000002e-06,-1.84,0.88
854,-7.920000000000002e-06,-1.76,0.88
855,-7.900000000000002e-06,-1.84,0.88
856,-7.880000000000002e-06,-1.76,0.96
857,-7.86e-06,-1.84,0.88
858,-7.84e-06,-1.92,0.8
859,-7.82e-06,-1.84,0.88
860,-7.8e-06,-1.92,0.88
861,-7.78e-06,-1.84,0.88
862,-7.76e-06,-1.92,0.88
863,-7.74e-06,-2.0,0.8
864,-7.72e-06,-1.92,0.96
865,-7.7e-06,-2.0,0.88
866,-7.680000000000001e-06,-1.92,0.8
867,-7.660000000000001e-06,-1.92,0.88
868,-7.640000000000001e-06,-2.0,0.96
869,-7.620000000000002e-06,-1.92,0.88
870,-7.600000000000002e-06,-1.84,0.8
871,-7.580000000000002e-06,-2.0,0.88
872,-7.560000000000002e-06,-2.08,0.88
873,-7.540000000000002e-06,-2.08,0.88
874,-7.519999999999999e-06,-2.0,0.88
875,-7.499999999999999e-06,-2.08,0.88
876,-7.4799999999999995e-06,-2.0,0.88
877,-7.46e-06,-2.08,0.96
878,-7.44e-06,-2.0,0.88
879,-7.42e-06,-2.08,0.88
880,-7.4e-06,-2.0,0.88
881,-7.3800000000000005e-06,-2.08,0.88
882,-7.360000000000001e-06,-2.0,0.88
883,-7.340000000000001e-06,-2.16,0.96
884,-7.320000000000001e-06,-2.08,0.88
885,-7.300000000000001e-06,-2.24,0.8
886,-7.2800000000000014e-06,-2.16,0.96
887,-7.260000000000002e-06,-2.24,0.8
888,-7.240000000000002e-06,-2.24,0.88
889,-7.220000000000002e-06,-2.16,0.96
890,-7.200000000000002e-06,-2.24,0.8
891,-7.180000000000002e-06,-2.24,0.88
892,-7.159999999999999e-06,-2.24,0.88
893,-7.139999999999999e-06,-2.16,0.88
894,-7.12e-06,-2.16,0.88
895,-7.1e-06,-2.24,1.04
896,-7.08e-06,-2.16,0.8
897,-7.06e-06,-2.16,0.88
898,-7.04e-06,-2.24,1.04
899,-7.0200000000000006e-06,-2.24,0.8
900,-7.000000000000001e-06,-2.24,0.88
901,-6.980000000000001e-06,-2.32,0.8
902,-6.960000000000001e-06,-2.16,0.96
903,-6.940000000000001e-06,-2.32,0.88
904,-6.9200000000000015e-06,-2.32,0.88
905,-6.900000000000002e-06,-2.32,0.88
906,-6.880000000000002e-06,-2.32,0.88
907,-6.860000000000002e-06,-2.24,0.88
908,-6.840000000000002e-06,-2.24,0.96
909,-6.8200000000000025e-06,-2.32,0.88
910,-6.799999999999999e-06,-2.16,0.88
911,-6.7799999999999995e-06,-2.32,0.8
912,-6.76e-06,-2.32,0.8
913,-6.74e-06,-2.32,0.96
914,-6.72e-06,-2.32,0.72
915,-6.7e-06,-2.48,0.88
916,-6.68e-06,-2.32,0.88
917,-6.660000000000001e-06,-2.32,0.88
918,-6.640000000000001e-06,-2.4,0.8
919,-6.620000000000001e-06,-2.4,0.88
920,-6.600000000000001e-06,-2.4,0.88
921,-6.580000000000001e-06,-2.4,0.8
922,-6.5600000000000016e-06,-2.24,0.96
923,-6.540000000000002e-06,-2.4,0.88
924,-6.520000000000002e-06,-2.48,0.88
925,-6.500000000000002e-06,-2.48,0.88
926,-6.480000000000002e-06,-2.32,0.8
927,-6.459999999999999e-06,-2.4,0.8
928,-6.439999999999999e-06,-2.4,0.88
929,-6.4199999999999995e-06,-2.48,0.88
930,-6.4e-06,-2.24,0.88
931,-6.38e-06,-2.48,0.88
932,-6.36e-06,-2.32,0.8
933,-6.34e-06,-2.4,0.72
934,-6.3200000000000005e-06,-2.48,0.88
935,-6.300000000000001e-06,-2.4,0.72
936,-6.280000000000001e-06,-2.4,0.8
937,-6.260000000000001e-06,-2.48,0.88
938,-6.240000000000001e-06,-2.32,0.8
939,-6.2200000000000014e-06,-2.4,0.8
940,-6.200000000000002e-06,-2.4,0.72
941,-6.180000000000002e-06,-2.48,0.88
942,-6.160000000000002e-06,-2.48,0.72
943,-6.140000000000002e-06,-2.56,0.88
944,-6.120000000000002e-06,-2.4,0.72
945,-6.099999999999999e-06,-2.4,0.72
946,-6.079999999999999e-06,-2.4,0.72
947,-6.06e-06,-2.56,0.72
948,-6.04e-06,-2.4,0.8
949,-6.02e-06,-2.56,0.8
950,-6e-06,-2.48,0.8
951,-5.98e-06,-2.56,0.72
952,-5.9600000000000005e-06,-2.48,0.72
953,-5.940000000000001e-06,-2.48,0.8
954,-5.920000000000001e-06,-2.4,0.8
955,-5.900000000000001e-06,-2.56,0.8
956,-5.880000000000001e-06,-2.48,0.64
957,-5.8600000000000015e-06,-2.56,0.8
958,-5.840000000000002e-06,-2.48,0.72
959,-5.820000000000002e-06,-2.48,0.72
960,-5.800000000000002e-06,-2.4,0.8
961,-5.780000000000002e-06,-2.48,0.8
962,-5.7600000000000024e-06,-2.48,0.72
963,-5.739999999999999e-06,-2.48,0.72
964,-5.7199999999999994e-06,-2.4,0.72
965,-5.7e-06,-2.56,0.72
966,-5.68e-06,-2.4,0.72
967,-5.66e-06,-2.48,0.72
968,-5.64e-06,-2.4,0.64
969,-5.62e-06,-2.56,0.64
970,-5.600000000000001e-06,-2.4,0.64
971,-5.580000000000001e-06,-2.56,0.72
972,-5.560000000000001e-06,-2.48,0.64
973,-5.540000000000001e-06,-2.56,0.72
974,-5.520000000000001e-06,-2.48,0.72
975,-5.5000000000000016e-06,-2.48,0.64
976,-5.480000000000002e-06,-2.48,0.72
977,-5.460000000000002e-06,-2.48,0.72
978,-5.440000000000002e-06,-2.48,0.64
979,-5.420000000000002e-06,-2.48,0.72
980,-5.399999999999999e-06,-2.48,0.72
981,-5.379999999999999e-06,-2.56,0.72
982,-5.3599999999999995e-06,-2.48,0.56
983,-5.34e-06,-2.48,0.72
984,-5.32e-06,-2.48,0.64
985,-5.3e-06,-2.48,0.72
986,-5.28e-06,-2.4,0.56
987,-5.2600000000000005e-06,-2.4,0.64
988,-5.240000000000001e-06,-2.4,0.64
989,-5.220000000000001e-06,-2.48,0.56
990,-5.200000000000001e-06,-2.4,0.64
991,-5.180000000000001e-06,-2.4,0.64
992,-5.160000000000001e-06,-2.4,0.64
993,-5.140000000000002e-06,-2.48,0.56
994,-5.120000000000002e-06,-2.48,0.56
995,-5.100000000000002e-06,-2.4,0.64
996,-5.080000000000002e-06,-2.4,0.56
997,-5.060000000000002e-06,-2.48,0.56
998,-5.039999999999999e-06,-2.4,0.56
999,-5.019999999999999e-06,-2.48,0.56
1000,-4.9999999999999996e-06,-2.4,0.56
1001,-4.98e-06,-2.32,0.56
1002,-4.96e-06,-2.4,0.64
1003,-4.94e-06,-2.48,0.72
1004,-4.92e-06,-2.48,0.56
1005,-4.9000000000000005e-06,-2.4,0.56
1006,-4.880000000000001e-06,-2.4,0.56
1007,-4.860000000000001e-06,-2.4,0.64
1008,-4.840000000000001e-06,-2.4,0.56
1009,-4.820000000000001e-06,-2.48,0.56
1010,-4.8000000000000015e-06,-2.24,0.56
1011,-4.780000000000002e-06,-2.4,0.56
1012,-4.760000000000002e-06,-2.4,0.56
1013,-4.740000000000002e-06,-2.48,0.48
1014,-4.720000000000002e-06,-2.32,0.56
1015,-4.7000000000000024e-06,-2.4,0.56
1016,-4.679999999999999e-06,-2.32,0.56
1017,-4.6599999999999994e-06,-2.4,0.4
1018,-4.64e-06,-2.4,0.56
1019,-4.62e-06,-2.48,0.48
1020,-4.6e-06,-2.4,0.48
1021,-4.58e-06,-2.4,0.48
1022,-4.56e-06,-2.4,0.4
1023,-4.540000000000001e-06,-2.4,0.48
1024,-4.520000000000001e-06,-2.24,0.48
1025,-4.500000000000001e-06,-2.24,0.48
1026,-4.480000000000001e-06,-2.32,0.48
1027,-4.460000000000001e-06,-2.32,0.48
1028,-4.4400000000000015e-06,-2.16,0.48
1029,-4.420000000000002e-06,-2.32,0.48
1030,-4.400000000000002e-06,-2.32,0.48
1031,-4.380000000000002e-06,-2.32,0.48
1032,-4.360000000000002e-06,-2.32,0.4
1033,-4.339999999999999e-06,-2.32,0.56
1034,-4.319999999999999e-06,-2.24,0.4
1035,-4.2999999999999995e-06,-2.32,0.4
1036,-4.28e-06,-2.24,0.24
1037,-4.26e-06,-2.16,0.48
1038,-4.24e-06,-2.16,0.48
1039,-4.22e-06,-2.16,0.4
1040,-4.2000000000000004e-06,-2.16,0.4
1041,-4.180000000000001e-06,-2.16,0.32
1042,-4.160000000000001e-06,-2.08,0.24
1043,-4.140000000000001e-06,-2.24,0.32
1044,-4.120000000000001e-06,-2.16,0.4
1045,-4.100000000000001e-06,-2.32,0.4
1046,-4.080000000000002e-06,-2.08,0.32
1047,-4.060000000000002e-06,-2.16,0.32
1048,-4.040000000000002e-06,-2.08,0.24
1049,-4.020000000000002e-06,-2.24,0.4
1050,-4.000000000000002e-06,-2.0,0.24
1051,-3.979999999999999e-06,-2.16,0.32
1052,-3.959999999999999e-06,-2.0,0.4
1053,-3.9399999999999995e-06,-2.08,0.24
1054,-3.92e-06,-2.08,0.24
1055,-3.9e-06,-2.16,0.4
1056,-3.88e-06,-2.16,0.32
1057,-3.86e-06,-2.0,0.24
1058,-3.8400000000000005e-06,-2.08,0.32
1059,-3.820000000000001e-06,-2.08,0.32
1060,-3.800000000000001e-06,-2.08,0.24
1061,-3.780000000000001e-06,-2.08,0.24
1062,-3.7600000000000013e-06,-2.0,0.24
1063,-3.7400000000000015e-06,-2.08,0.32
1064,-3.7200000000000017e-06,-1.92,0.16
1065,-3.700000000000002e-06,-2.0,0.32
1066,-3.680000000000002e-06,-1.92,0.24
1067,-3.6600000000000022e-06,-1.92,0.16
1068,-3.6400000000000024e-06,-1.92,0.16
1069,-3.6199999999999992e-06,-1.92,0.32
1070,-3.5999999999999994e-06,-1.92,0.24
1071,-3.5799999999999996e-06,-1.92,0.16
1072,-3.56e-06,-1.92,0.16
1073,-3.54e-06,-1.92,0.24
1074,-3.52e-06,-1.84,0.16
1075,-3.5000000000000004e-06,-1.92,0.24
1076,-3.4800000000000006e-06,-1.76,0.24
1077,-3.4600000000000008e-06,-1.84,0.16
1078,-3.440000000000001e-06,-1.84,0.08
1079,-3.420000000000001e-06,-1.92,0.24
1080,-3.4000000000000013e-06,-1.76,0.08
1081,-3.3800000000000015e-06,-1.84,0.08
1082,-3.3600000000000017e-06,-1.84,0.08
1083,-3.340000000000002e-06,-1.84,0.16
1084,-3.320000000000002e-06,-1.76,-0.08
1085,-3.3000000000000023e-06,-1.84,0.16
1086,-3.279999999999999e-06,-1.68,0.08
1087,-3.2599999999999993e-06,-1.84,0.16
1088,-3.2399999999999995e-06,-1.76,0.08
1089,-3.2199999999999997e-06,-1.76,0.16
1090,-3.2e-06,-1.68,-0.08
1091,-3.18e-06,-1.68,0.08
1092,-3.1600000000000002e-06,-1.6,0.0
1093,-3.1400000000000004e-06,-1.76,0.08
1094,-3.1200000000000006e-06,-1.68,0.08
1095,-3.100000000000001e-06,-1.68,0.0
1096,-3.080000000000001e-06,-1.6,-0.08
1097,-3.060000000000001e-06,-1.68,0.0
1098,-3.0400000000000014e-06,-1.6,0.0
1099,-3.0200000000000016e-06,-1.52,0.08
1100,-3.0000000000000018e-06,-1.6,0.0
1101,-2.980000000000002e-06,-1.52,0.16
1102,-2.960000000000002e-06,-1.52,-0.16
1103,-2.9400000000000023e-06,-1.6,0.0
1104,-2.919999999999999e-06,-1.52,-0.08
1105,-2.8999999999999993e-06,-1.52,0.0
1106,-2.8799999999999995e-06,-1.6,0.08
1107,-2.8599999999999997e-06,-1.44,-0.08
1108,-2.84e-06,-1.44,-0.16
1109,-2.82e-06,-1.52,0.0
1110,-2.8000000000000003e-06,-1.36,0.0
1111,-2.7800000000000005e-06,-1.44,-0.08
1112,-2.7600000000000007e-06,-1.44,-0.08
1113,-2.740000000000001e-06,-1.44,0.0
1114,-2.720000000000001e-06,-1.36,-0.16
1115,-2.7000000000000013e-06,-1.36,0.0
1116,-2.6800000000000014e-06,-1.36,-0.16
1117,-2.6600000000000016e-06,-1.44,0.0
1118,-2.640000000000002e-06,-1.36,-0.16
1119,-2.620000000000002e-06,-1.28,-0.08
1120,-2.600000000000002e-06,-1.2,-0.16
1121,-2.5800000000000024e-06,-1.2,-0.08
1122,-2.559999999999999e-06,-1.28,-0.16
1123,-2.5399999999999994e-06,-1.28,-0.16
1124,-2.5199999999999996e-06,-1.2,-0.08
1125,-2.4999999999999998e-06,-1.28,-0.08
1126,-2.48e-06,-1.2,-0.32
1127,-2.46e-06,-1.2,-0.08
1128,-2.4400000000000004e-06,-1.12,-0.16
1129,-2.4200000000000005e-06,-1.2,-0.16
1130,-2.4000000000000007e-06,-1.12,-0.32
1131,-2.380000000000001e-06,-1.12,-0.16
1132,-2.360000000000001e-06,-1.12,-0.24
1133,-2.3400000000000013e-06,-1.12,-0.16
1134,-2.3200000000000015e-06,-1.12,-0.16
1135,-2.3000000000000017e-06,-1.2,-0.24
1136,-2.280000000000002e-06,-1.12,-0.16
1137,-2.260000000000002e-06,-1.12,-0.24
1138,-2.2400000000000023e-06,-0.96,-0.32
1139,-2.219999999999999e-06,-1.04,-0.24
1140,-2.1999999999999993e-06,-1.04,-0.32
1141,-2.1799999999999995e-06,-1.04,-0.24
1142,-2.1599999999999996e-06,-1.04,-0.32
1143,-2.14e-06,-0.88,-0.16
1144,-2.12e-06,-0.96,-0.24
1145,-2.1000000000000002e-06,-0.88,-0.24
1146,-2.0800000000000004e-06,-0.96,-0.24
1147,-2.0600000000000006e-06,-0.88,-0.24
1148,-2.040000000000001e-06,-0.96,-0.16
1149,-2.020000000000001e-06,-0.96,-0.32
1150,-2.000000000000001e-06,-0.88,-0.4
1151,-1.9800000000000014e-06,-0.88,-0.32
1152,-1.9600000000000016e-06,-0.72,-0.32
1153,-1.9400000000000018e-06,-0.72,-0.32
1154,-1.920000000000002e-06,-0.8,-0.48
1155,-1.9000000000000021e-06,-0.8,-0.32
1156,-1.8800000000000023e-06,-0.72,-0.4
1157,-1.8599999999999991e-06,-0.72,-0.24
1158,-1.8399999999999993e-06,-0.72,-0.4
1159,-1.8199999999999995e-06,-0.8,-0.4
1160,-1.7999999999999997e-06,-0.8,-0.4
1161,-1.78e-06,-0.72,-0.32
1162,-1.76e-06,-0.72,-0.4
1163,-1.7400000000000003e-06,-0.64,-0.4
1164,-1.7200000000000005e-06,-0.56,-0.4
1165,-1.7000000000000007e-06,-0.64,-0.4
1166,-1.6800000000000009e-06,-0.56,-0.4
1167,-1.660000000000001e-06,-0.64,-0.4
1168,-1.6400000000000012e-06,-0.56,-0.48
1169,-1.6200000000000014e-06,-0.48,-0.4
1170,-1.6000000000000016e-06,-0.48,-0.4
1171,-1.5800000000000018e-06,-0.48,-0.4
1172,-1.560000000000002e-06,-0.56,-0.48
1173,-1.5400000000000022e-06,-0.56,-0.56
1174,-1.5200000000000024e-06,-0.48,-0.48
1175,-1.4999999999999992e-06,-0.56,-0.32
1176,-1.4799999999999994e-06,-0.4,-0.4
1177,-1.4599999999999996e-06,-0.48,-0.56
1178,-1.4399999999999998e-06,-0.32,-0.56
1179,-1.42e-06,-0.4,-0.48
1180,-1.4000000000000001e-06,-0.4,-0.56
1181,-1.3800000000000003e-06,-0.4,-0.48
1182,-1.3600000000000005e-06,-0.32,-0.4
1183,-1.3400000000000007e-06,-0.56,-0.48
1184,-1.320000000000001e-06,-0.32,-0.48
1185,-1.300000000000001e-06,-0.32,-0.56
1186,-1.2800000000000013e-06,-0.24,-0.48
1187,-1.2600000000000015e-06,-0.4,-0.56
1188,-1.2400000000000017e-06,-0.32,-0.48
1189,-1.2200000000000019e-06,-0.32,-0.64
1190,-1.200000000000002e-06,-0.32,-0.56
1191,-1.1800000000000023e-06,-0.32,-0.56
1192,-1.159999999999999e-06,-0.16,-0.48
1193,-1.1399999999999992e-06,-0.08,-0.56
1194,-1.1199999999999994e-06,-0.16,-0.48
1195,-1.0999999999999996e-06,-0.16,-0.48
1196,-1.0799999999999998e-06,-0.16,-0.56
1197,-1.06e-06,-0.16,-0.64
1198,-1.0400000000000002e-06,-0.16,-0.64
1199,-1.0200000000000004e-06,-0.08,-0.48
1200,-1.0000000000000006e-06,-0.08,-0.56
1201,-9.800000000000008e-07,-0.16,-0.64
1202,-9.60000000000001e-07,0.0,-0.64
1203,-9.400000000000012e-07,-0.08,-0.56
1204,-9.200000000000014e-07,0.0,-0.64
1205,-9.000000000000015e-07,-0.08,-0.56
1206,-8.800000000000017e-07,0.0,-0.56
1207,-8.600000000000019e-07,-0.08,-0.56
1208,-8.400000000000021e-07,0.0,-0.64
1209,-8.200000000000023e-07,0.0,-0.64
1210,-7.999999999999991e-07,0.16,-0.64
1211,-7.799999999999993e-07,0.08,-0.64
1212,-7.599999999999995e-07,0.08,-0.64
1213,-7.399999999999997e-07,0.16,-0.72
1214,-7.199999999999999e-07,0.16,-0.64
1215,-7.000000000000001e-07,0.08,-0.72
1216,-6.800000000000003e-07,0.24,-0.8
1217,-6.600000000000005e-07,0.24,-0.72
1218,-6.400000000000006e-07,0.24,-0.72
1219,-6.200000000000008e-07,0.24,-0.8
1220,-6.00000000000001e-07,0.32,-0.72
1221,-5.800000000000012e-07,0.24,-0.72
1222,-5.600000000000014e-07,0.32,-0.8
1223,-5.400000000000016e-07,0.4,-0.72
1224,-5.200000000000018e-07,0.32,-0.72
1225,-5.00000000000002e-07,0.32,-0.72
1226,-4.800000000000022e-07,0.32,-0.72
1227,-4.6000000000000237e-07,0.4,-0.8
1228,-4.399999999999992e-07,0.4,-0.8
1229,-4.1999999999999937e-07,0.4,-0.8
1230,-3.9999999999999956e-07,0.48,-0.8
1231,-3.7999999999999975e-07,0.4,-0.8
1232,-3.5999999999999994e-07,0.4,-0.72
1233,-3.4000000000000013e-07,0.32,-0.8
1234,-3.200000000000003e-07,0.48,-0.8
1235,-3.000000000000005e-07,0.56,-0.8
1236,-2.800000000000007e-07,0.64,-0.8
1237,-2.600000000000009e-07,0.56,-0.88
1238,-2.400000000000011e-07,0.56,-0.8
1239,-2.2000000000000128e-07,0.48,-0.8
1240,-2.0000000000000147e-07,0.64,-0.8
1241,-1.8000000000000166e-07,0.64,-0.72
1242,-1.6000000000000186e-07,0.64,-0.8
1243,-1.4000000000000205e-07,0.56,-0.88
1244,-1.2000000000000224e-07,0.64,-0.88
1245,-9.999999999999904e-08,0.64,-0.8
1246,-7.999999999999923e-08,0.72,-0.88
1247,-5.999999999999943e-08,0.8,-0.8
1248,-3.999999999999962e-08,0.72,-0.8
1249,-1.999999999999981e-08,0.64,-0.88
1250,0.0,0.88,-0.8
1251,1.999999999999981e-08,0.8,-0.8
1252,3.999999999999962e-08,0.88,-0.96
1253,5.999999999999943e-08,0.8,-0.8
1254,7.999999999999923e-08,0.88,-0.8
1255,9.999999999999904e-08,0.8,-0.96
1256,1.1999999999999885e-07,0.8,-0.88
1257,1.3999999999999866e-07,0.88,-0.8
1258,1.5999999999999847e-07,0.88,-0.96
1259,1.7999999999999828e-07,0.8,-0.88
1260,1.9999999999999809e-07,0.88,-0.88
1261,2.199999999999979e-07,0.88,-0.88
1262,2.399999999999977e-07,0.96,-0.96
1263,2.600000000000009e-07,0.96,-0.88
1264,2.800000000000007e-07,1.04,-1.04
1265,3.000000000000005e-07,1.04,-0.88
1266,3.200000000000003e-07,1.04,-0.88
1267,3.4000000000000013e-07,1.04,-0.96
1268,3.5999999999999994e-07,1.04,-0.88
1269,3.7999999999999975e-07,0.96,-0.88
1270,3.9999999999999956e-07,1.04,-0.96
1271,4.1999999999999937e-07,1.12,-0.96
1272,4.399999999999992e-07,1.12,-0.88
1273,4.59999999999999e-07,1.04,-0.96
1274,4.799999999999988e-07,1.28,-0.96
1275,4.999999999999986e-07,1.12,-0.8
1276,5.199999999999984e-07,1.2,-0.96
1277,5.399999999999982e-07,1.12,-0.96
1278,5.59999999999998e-07,1.2,-0.96
1279,5.799999999999978e-07,1.12,-1.04
1280,5.999999999999976e-07,1.2,-0.96
1281,6.200000000000008e-07,1.12,-0.88
1282,6.400000000000006e-07,1.28,-0.96
1283,6.600000000000005e-07,1.04,-0.88
1284,6.800000000000003e-07,1.28,-0.96
1285,7.000000000000001e-07,1.28,-1.04
1286,7.199999999999999e-07,1.28,-1.04
1287,7.399999999999997e-07,1.2,-0.96
1288,7.599999999999995e-07,1.36,-0.96
1289,7.799999999999993e-07,1.28,-0.96
1290,7.999999999999991e-07,1.28,-0.96
1291,8.199999999999989e-07,1.36,-0.96
1292,8.399999999999987e-07,1.44,-1.12
1293,8.599999999999985e-07,1.36,-0.96
1294,8.799999999999984e-07,1.36,-1.04
1295,8.999999999999982e-07,1.36,-0.96
1296,9.19999999999998e-07,1.44,-0.96
1297,9.399999999999978e-07,1.44,-1.04
1298,9.60000000000001e-07,1.52,-0.96
1299,9.800000000000008e-07,1.52,-0.96
1300,1.0000000000000006e-06,1.52,-1.04
1301,1.0200000000000004e-06,1.44,-1.04
1302,1.0400000000000002e-06,1.52,-1.04
1303,1.06e-06,1.44,-0.96
1304,1.0799999999999998e-06,1.52,-0.96
1305,1.0999999999999996e-06,1.52,-1.04
1306,1.1199999999999994e-06,1.52,-0.96
1307,1.1399999999999992e-06,1.52,-1.04
1308,1.159999999999999e-06,1.6,-0.96
1309,1.1799999999999989e-06,1.6,-1.04
1310,1.1999999999999987e-06,1.6,-1.04
1311,1.2199999999999985e-06,1.6,-1.04
1312,1.2399999999999983e-06,1.68,-1.2
1313,1.259999999999998e-06,1.6,-1.04
1314,1.279999999999998e-06,1.68,-0.96
1315,1.2999999999999977e-06,1.68,-1.12
1316,1.320000000000001e-06,1.52,-1.04
1317,1.3400000000000007e-06,1.6,-0.96
1318,1.3600000000000005e-06,1.68,-1.04
1319,1.3800000000000003e-06,1.76,-1.04
1320,1.4000000000000001e-06,1.76,-1.04
1321,1.42e-06,1.76,-1.2
1322,1.4399999999999998e-06,1.92,-1.12
1323,1.4599999999999996e-06,1.76,-1.04
1324,1.4799999999999994e-06,1.76,-1.04
1325,1.4999999999999992e-06,1.68,-1.04
1326,1.519999999999999e-06,1.84,-1.04
1327,1.5399999999999988e-06,1.68,-1.12
1328,1.5599999999999986e-06,1.92,-1.12
1329,1.5799999999999984e-06,1.84,-1.04
1330,1.5999999999999982e-06,1.84,-1.04
1331,1.619999999999998e-06,1.84,-1.12
1332,1.6399999999999979e-06,1.92,-1.04
1333,1.660000000000001e-06,1.84,-1.2
1334,1.6800000000000009e-06,1.92,-1.12
1335,1.7000000000000007e-06,1.84,-1.04
1336,1.7200000000000005e-06,1.92,-1.2
1337,1.7400000000000003e-06,1.76,-1.12
1338,1.76e-06,1.84,-1.04
1339,1.78e-06,2.0,-1.12
1340,1.7999999999999997e-06,2.0,-1.04
1341,1.8199999999999995e-06,1.84,-1.04
1342,1.8399999999999993e-06,2.0,-1.2
1343,1.8599999999999991e-06,1.84,-0.96
1344,1.879999999999999e-06,2.0,-1.04
1345,1.8999999999999987e-06,1.92,-1.04
1346,1.9199999999999986e-06,2.0,-1.12
1347,1.9399999999999984e-06,2.0,-1.04
1348,1.959999999999998e-06,2.08,-1.2
1349,1.979999999999998e-06,1.92,-1.12
1350,1.999999999999998e-06,1.92,-1.04
1351,2.020000000000001e-06,1.92,-1.12
1352,2.040000000000001e-06,2.0,-1.12
1353,2.0600000000000006e-06,2.0,-1.04
1354,2.0800000000000004e-06,2.08,-1.2
1355,2.1000000000000002e-06,2.08,-1.12
1356,2.12e-06,2.16,-0.96
1357,2.14e-06,2.0,-1.04
1358,2.1599999999999996e-06,2.08,-1.2
1359,2.1799999999999995e-06,2.0,-1.12
1360,2.1999999999999993e-06,2.24,-1.04
1361,2.219999999999999e-06,2.08,-1.04
1362,2.239999999999999e-06,2.08,-1.04
1363,2.2599999999999987e-06,2.16,-1.2
1364,2.2799999999999985e-06,2.16,-1.12
1365,2.2999999999999983e-06,2.16,-1.04
1366,2.319999999999998e-06,2.16,-1.2
1367,2.339999999999998e-06,2.08,-1.12
1368,2.3599999999999977e-06,2.24,-1.12
1369,2.380000000000001e-06,2.16,-1.12
1370,2.4000000000000007e-06,2.24,-1.12
1371,2.4200000000000005e-06,2.08,-1.12
1372,2.4400000000000004e-06,2.16,-1.04
1373,2.46e-06,2.24,-1.04
1374,2.48e-06,2.32,-1.12
1375,2.4999999999999998e-06,2.24,-1.12
1376,2.5199999999999996e-06,2.32,-1.2
1377,2.5399999999999994e-06,2.24,-1.04
1378,2.559999999999999e-06,2.24,-1.2
1379,2.579999999999999e-06,2.16,-1.12
1380,2.599999999999999e-06,2.24,-1.12
1381,2.6199999999999986e-06,2.16,-1.12
1382,2.6399999999999984e-06,2.32,-1.04
1383,2.6599999999999982e-06,2.16,-1.12
1384,2.679999999999998e-06,2.24,-1.04
1385,2.699999999999998e-06,2.24,-1.04
1386,2.720000000000001e-06,2.32,-1.12
1387,2.740000000000001e-06,2.4,-1.12
1388,2.7600000000000007e-06,2.4,-1.04
1389,2.7800000000000005e-06,2.32,-1.12
1390,2.8000000000000003e-06,2.32,-1.04
1391,2.82e-06,2.32,-1.12
1392,2.84e-06,2.4,-0.96
1393,2.8599999999999997e-06,2.4,-1.12
1394,2.8799999999999995e-06,2.48,-1.04
1395,2.8999999999999993e-06,2.24,-1.04
1396,2.919999999999999e-06,2.4,-1.04
1397,2.939999999999999e-06,2.32,-1.04
1398,2.9599999999999988e-06,2.32,-1.04
1399,2.9799999999999986e-06,2.4,-1.04
1400,2.9999999999999984e-06,2.48,-1.04
1401,3.019999999999998e-06,2.4,-0.96
1402,3.039999999999998e-06,2.32,-1.04
1403,3.059999999999998e-06,2.32,-1.12
1404,3.080000000000001e-06,2.32,-0.96
1405,3.100000000000001e-06,2.32,-1.04
1406,3.1200000000000006e-06,2.4,-1.04
1407,3.1400000000000004e-06,2.32,-0.96
1408,3.1600000000000002e-06,2.48,-1.04
1409,3.18e-06,2.24,-1.04
1410,3.2e-06,2.4,-0.96
1411,3.2199999999999997e-06,2.48,-1.04
1412,3.2399999999999995e-06,2.4,-1.04
1413,3.2599999999999993e-06,2.32,-0.96
1414,3.279999999999999e-06,2.4,-1.04
1415,3.299999999999999e-06,2.24,-1.04
1416,3.3199999999999987e-06,2.48,-0.96
1417,3.3399999999999985e-06,2.4,-1.04
1418,3.3599999999999983e-06,2.48,-1.04
1419,3.379999999999998e-06,2.4,-0.96
1420,3.399999999999998e-06,2.4,-1.04
1421,3.4199999999999977e-06,2.4,-1.04
1422,3.440000000000001e-06,2.4,-0.96
1423,3.4600000000000008e-06,2.48,-0.96
1424,3.4800000000000006e-06,2.48,-1.04
1425,3.5000000000000004e-06,2.48,-1.04
1426,3.52e-06,2.48,-1.04
1427,3.54e-06,2.32,-1.04
1428,3.56e-06,2.4,-0.88
1429,3.5799999999999996e-06,2.4,-0.96
1430,3.5999999999999994e-06,2.4,-0.96
1431,3.6199999999999992e-06,2.4,-0.96
1432,3.639999999999999e-06,2.4,-0.96
1433,3.659999999999999e-06,2.4,-1.04
1434,3.6799999999999986e-06,2.48,-0.96
1435,3.6999999999999985e-06,2.48,-0.96
1436,3.7199999999999983e-06,2.48,-0.88
1437,3.739999999999998e-06,2.48,-0.96
1438,3.759999999999998e-06,2.48,-0.96
1439,3.780000000000001e-06,2.32,-0.96
1440,3.800000000000001e-06,2.48,-0.88
1441,3.820000000000001e-06,2.48,-0.96
1442,3.8400000000000005e-06,2.48,-0.96
1443,3.86e-06,2.32,-0.8
1444,3.88e-06,2.48,-0.96
1445,3.9e-06,2.4,-0.88
1446,3.92e-06,2.48,-0.88
1447,3.9399999999999995e-06,2.4,-1.04
1448,3.959999999999999e-06,2.56,-0.88
1449,3.979999999999999e-06,2.48,-0.88
1450,3.999999999999999e-06,2.4,-0.88
1451,4.019999999999999e-06,2.4,-0.8
1452,4.039999999999999e-06,2.4,-0.8
1453,4.059999999999998e-06,2.4,-0.96
1454,4.079999999999998e-06,2.4,-0.96
1455,4.099999999999998e-06,2.4,-0.8
1456,4.119999999999998e-06,2.4,-0.8
1457,4.140000000000001e-06,2.4,-0.96
1458,4.160000000000001e-06,2.48,-0.8
1459,4.180000000000001e-06,2.4,-0.88
1460,4.2000000000000004e-06,2.48,-0.88
1461,4.22e-06,2.4,-0.8
1462,4.24e-06,2.4,-0.88
1463,4.26e-06,2.32,-0.8
1464,4.28e-06,2.4,-0.72
1465,4.2999999999999995e-06,2.4,-0.88
1466,4.319999999999999e-06,2.4,-0.88
1467,4.339999999999999e-06,2.4,-0.8
1468,4.359999999999999e-06,2.4,-0.88
1469,4.379999999999999e-06,2.32,-0.8
1470,4.3999999999999985e-06,2.48,-0.72
1471,4.419999999999998e-06,2.4,-0.72
1472,4.439999999999998e-06,2.48,-0.8
1473,4.459999999999998e-06,2.32,-0.8
1474,4.479999999999998e-06,2.4,-0.88
1475,4.500000000000001e-06,2.4,-0.88
1476,4.520000000000001e-06,2.48,-0.88
1477,4.540000000000001e-06,2.32,-0.8
1478,4.56e-06,2.4,-0.8
1479,4.58e-06,2.32,-0.72
1480,4.6e-06,2.4,-0.8
1481,4.62e-06,2.32,-0.72
1482,4.64e-06,2.24,-0.64
1483,4.6599999999999994e-06,2.32,-0.72
1484,4.679999999999999e-06,2.32,-0.8
1485,4.699999999999999e-06,2.32,-0.72
1486,4.719999999999999e-06,2.4,-0.8
1487,4.739999999999999e-06,2.4,-0.8
1488,4.7599999999999985e-06,2.32,-0.72
1489,4.779999999999998e-06,2.32,-0.8
1490,4.799999999999998e-06,2.24,-0.72
1491,4.819999999999998e-06,2.16,-0.72
1492,4.840000000000001e-06,2.24,-0.8
1493,4.860000000000001e-06,2.24,-0.72
1494,4.880000000000001e-06,2.24,-0.72
1495,4.9000000000000005e-06,2.32,-0.72
1496,4.92e-06,2.32,-0.72
1497,4.94e-06,2.24,-0.56
1498,4.96e-06,2.32,-0.64
1499,4.98e-06,2.16,-0.64
1500,4.9999999999999996e-06,2.24,-0.64
1501,5.019999999999999e-06,2.24,-0.64
1502,5.039999999999999e-06,2.32,-0.64
1503,5.059999999999999e-06,2.24,-0.64
1504,5.079999999999999e-06,2.24,-0.64
1505,5.099999999999999e-06,2.24,-0.64
1506,5.119999999999998e-06,2.16,-0.56
1507,5.139999999999998e-06,2.16,-0.72
1508,5.159999999999998e-06,2.16,-0.64
1509,5.179999999999998e-06,2.16,-0.56
1510,5.200000000000001e-06,2.16,-0.64
1511,5.220000000000001e-06,2.08,-0.64
1512,5.240000000000001e-06,2.16,-0.56
1513,5.2600000000000005e-06,2.08,-0.64
1514,5.28e-06,2.08,-0.64
1515,5.3e-06,2.08,-0.64
1516,5.32e-06,2.16,-0.56
1517,5.34e-06,2.24,-0.56
1518,5.3599999999999995e-06,2.16,-0.4
1519,5.379999999999999e-06,2.08,-0.56
1520,5.399999999999999e-06,2.16,-0.64
1521,5.419999999999999e-06,1.92,-0.56
1522,5.439999999999999e-06,2.16,-0.56
1523,5.4599999999999985e-06,2.0,-0.48
1524,5.479999999999998e-06,2.16,-0.4
1525,5.499999999999998e-06,2.08,-0.64
1526,5.519999999999998e-06,2.08,-0.64
1527,5.540000000000001e-06,2.0,-0.4
1528,5.559999999999998e-06,2.08,-0.56
1529,5.580000000000001e-06,2.0,-0.56
1530,5.599999999999997e-06,2.0,-0.48
1531,5.62e-06,2.0,-0.48
1532,5.639999999999997e-06,2.0,-0.56
1533,5.66e-06,2.0,-0.48
1534,5.6799999999999964e-06,2.0,-0.56
1535,5.7e-06,1.92,-0.4
1536,5.720000000000003e-06,2.0,-0.48
1537,5.739999999999999e-06,1.92,-0.48
1538,5.7600000000000024e-06,1.92,-0.4
1539,5.779999999999999e-06,1.84,-0.4
1540,5.800000000000002e-06,2.0,-0.56
1541,5.8199999999999985e-06,1.76,-0.4
1542,5.840000000000002e-06,1.84,-0.4
1543,5.859999999999998e-06,1.84,-0.48
1544,5.880000000000001e-06,1.92,-0.4
1545,5.899999999999998e-06,1.92,-0.4
1546,5.920000000000001e-06,1.84,-0.48
1547,5.939999999999997e-06,1.84,-0.4
1548,5.9600000000000005e-06,1.84,-0.32
1549,5.979999999999997e-06,1.76,-0.4
1550,6e-06,1.76,-0.48
1551,6.0199999999999966e-06,1.76,-0.32
1552,6.04e-06,1.84,-0.48
1553,6.059999999999996e-06,1.76,-0.24
1554,6.079999999999999e-06,1.84,-0.32
1555,6.100000000000003e-06,1.68,-0.32
1556,6.119999999999999e-06,1.68,-0.32
1557,6.140000000000002e-06,1.68,-0.24
1558,6.159999999999999e-06,1.68,-0.32
1559,6.180000000000002e-06,1.6,-0.32
1560,6.199999999999998e-06,1.6,-0.24
1561,6.2200000000000014e-06,1.68,-0.32
1562,6.239999999999998e-06,1.6,-0.32
1563,6.260000000000001e-06,1.68,-0.24
1564,6.2799999999999975e-06,1.68,-0.4
1565,6.300000000000001e-06,1.6,-0.24
1566,6.319999999999997e-06,1.68,-0.24
1567,6.34e-06,1.68,-0.32
1568,6.359999999999997e-06,1.6,-0.32
1569,6.38e-06,1.52,-0.24
1570,6.399999999999996e-06,1.6,-0.32
1571,6.4199999999999995e-06,1.44,-0.16
1572,6.440000000000003e-06,1.6,-0.16
1573,6.459999999999999e-06,1.52,-0.16
1574,6.480000000000002e-06,1.6,-0.32
1575,6.499999999999999e-06,1.52,-0.16
1576,6.520000000000002e-06,1.52,-0.24
1577,6.539999999999998e-06,1.44,-0.08
1578,6.5600000000000016e-06,1.44,-0.16
1579,6.579999999999998e-06,1.44,-0.16
1580,6.600000000000001e-06,1.44,-0.16
1581,6.619999999999998e-06,1.44,-0.16
1582,6.640000000000001e-06,1.36,-0.24
1583,6.659999999999997e-06,1.36,-0.08
1584,6.68e-06,1.36,-0.16
1585,6.699999999999997e-06,1.44,-0.08
1586,6.72e-06,1.44,-0.16
1587,6.7399999999999965e-06,1.28,-0.16
1588,6.76e-06,1.36,-0.24
1589,6.780000000000003e-06,1.36,-0.08
1590,6.799999999999999e-06,1.28,-0.08
1591,6.8200000000000025e-06,1.36,-0.08
1592,6.839999999999999e-06,1.36,0.0
1593,6.860000000000002e-06,1.2,-0.08
1594,6.8799999999999985e-06,1.2,-0.16
1595,6.900000000000002e-06,1.2,-0.08
1596,6.919999999999998e-06,1.2,-0.16
1597,6.940000000000001e-06,1.12,-0.08
1598,6.959999999999998e-06,1.2,0.0
1599,6.980000000000001e-06,1.2,-0.08
1600,6.999999999999997e-06,1.28,-0.16
1601,7.0200000000000006e-06,1.12,-0.08
1602,7.039999999999997e-06,1.12,0.0
1603,7.06e-06,1.04,0.0
1604,7.079999999999997e-06,1.2,-0.08
1605,7.1e-06,1.04,0.0
1606,7.119999999999996e-06,1.12,-0.08
1607,7.139999999999999e-06,1.12,0.08
1608,7.160000000000003e-06,1.04,0.0
1609,7.179999999999999e-06,1.04,0.08
1610,7.200000000000002e-06,0.96,0.0
1611,7.219999999999999e-06,1.04,0.0
1612,7.240000000000002e-06,0.96,0.08
1613,7.259999999999998e-06,1.04,0.08
1614,7.2800000000000014e-06,0.88,0.0
1615,7.299999999999998e-06,0.96,0.0
1616,7.320000000000001e-06,0.88,0.0
1617,7.3399999999999975e-06,0.88,0.16
1618,7.360000000000001e-06,0.88,-0.08
1619,7.379999999999997e-06,0.96,0.08
1620,7.4e-06,0.8,0.08
1621,7.419999999999997e-06,0.88,0.08
1622,7.44e-06,0.88,0.16
1623,7.459999999999996e-06,0.88,0.16
1624,7.4799999999999995e-06,0.8,0.08
1625,7.500000000000003e-06,0.88,0.08
1626,7.519999999999999e-06,0.8,0.08
1627,7.540000000000002e-06,0.8,0.08
1628,7.559999999999999e-06,0.72,0.16
1629,7.580000000000002e-06,0.72,0.08
1630,7.599999999999998e-06,0.72,0.08
1631,7.620000000000002e-06,0.72,0.16
1632,7.639999999999998e-06,0.64,0.16
1633,7.660000000000001e-06,0.8,0.08
1634,7.679999999999998e-06,0.64,0.24
1635,7.7e-06,0.56,0.16
1636,7.719999999999997e-06,0.56,0.16
1637,7.74e-06,0.56,0.16
1638,7.759999999999997e-06,0.56,0.24
1639,7.78e-06,0.48,0.24
1640,7.799999999999996e-06,0.48,0.16
1641,7.82e-06,0.56,0.32
1642,7.840000000000003e-06,0.48,0.16
1643,7.86e-06,0.48,0.24
1644,7.880000000000002e-06,0.4,0.24
1645,7.899999999999999e-06,0.48,0.24
1646,7.920000000000002e-06,0.48,0.24
1647,7.939999999999999e-06,0.4,0.32
1648,7.960000000000002e-06,0.4,0.24
1649,7.979999999999998e-06,0.48,0.24
1650,8.000000000000001e-06,0.4,0.32
1651,8.019999999999998e-06,0.32,0.24
1652,8.040000000000001e-06,0.32,0.32
1653,8.059999999999997e-06,0.32,0.32
1654,8.08e-06,0.32,0.16
1655,8.099999999999997e-06,0.32,0.32
1656,8.12e-06,0.32,0.32
1657,8.139999999999997e-06,0.24,0.32
1658,8.16e-06,0.24,0.32
1659,8.179999999999996e-06,0.24,0.4
1660,8.2e-06,0.24,0.24
1661,8.220000000000003e-06,0.32,0.32
1662,8.239999999999999e-06,0.24,0.32
1663,8.260000000000002e-06,0.24,0.4
1664,8.279999999999999e-06,0.08,0.4
1665,8.300000000000002e-06,0.08,0.4
1666,8.319999999999998e-06,0.16,0.32
1667,8.340000000000001e-06,0.08,0.32
1668,8.359999999999998e-06,0.16,0.48
1669,8.380000000000001e-06,0.08,0.56
1670,8.399999999999998e-06,0.08,0.4
1671,8.42e-06,0.08,0.4
1672,8.439999999999997e-06,-0.08,0.24
1673,8.46e-06,-0.08,0.48
1674,8.479999999999997e-06,0.0,0.4
1675,8.5e-06,-0.08,0.48
1676,8.519999999999996e-06,-0.08,0.4
1677,8.54e-06,0.0,0.4
1678,8.560000000000003e-06,0.0,0.32
1679,8.58e-06,-0.08,0.48
1680,8.600000000000002e-06,-0.08,0.4
1681,8.619999999999999e-06,-0.16,0.48
1682,8.640000000000002e-06,-0.16,0.48
1683,8.659999999999998e-06,-0.24,0.4
1684,8.680000000000002e-06,-0.08,0.48
1685,8.699999999999998e-06,-0.08,0.48
1686,8.720000000000001e-06,-0.08,0.56
1687,8.739999999999998e-06,-0.24,0.48
1688,8.76e-06,-0.24,0.48
1689,8.779999999999997e-06,-0.32,0.4
1690,8.8e-06,-0.24,0.48
1691,8.819999999999997e-06,-0.32,0.48
1692,8.84e-06,-0.4,0.48
1693,8.859999999999996e-06,-0.4,0.64
1694,8.88e-06,-0.32,0.48
1695,8.900000000000003e-06,-0.4,0.48
1696,8.92e-06,-0.32,0.48
1697,8.940000000000002e-06,-0.4,0.48
1698,8.959999999999999e-06,-0.32,0.56
1699,8.980000000000002e-06,-0.48,0.64
1700,8.999999999999999e-06,-0.48,0.56
1701,9.020000000000002e-06,-0.48,0.48
1702,9.039999999999998e-06,-0.48,0.56
1703,9.060000000000001e-06,-0.56,0.56
1704,9.079999999999998e-06,-0.4,0.56
1705,9.100000000000001e-06,-0.56,0.64
1706,9.119999999999997e-06,-0.56,0.48
1707,9.14e-06,-0.64,0.48
1708,9.159999999999997e-06,-0.56,0.56
1709,9.18e-06,-0.64,0.48
1710,9.199999999999997e-06,-0.64,0.56
1711,9.22e-06,-0.64,0.56
1712,9.239999999999996e-06,-0.72,0.56
1713,9.26e-06,-0.64,0.56
1714,9.280000000000003e-06,-0.64,0.64
1715,9.299999999999999e-06,-0.64,0.56
1716,9.320000000000002e-06,-0.72,0.64
1717,9.339999999999999e-06,-0.8,0.64
1718,9.360000000000002e-06,-0.64,0.64
1719,9.379999999999998e-06,-0.8,0.56
1720,9.400000000000001e-06,-0.72,0.56
1721,9.419999999999998e-06,-0.72,0.72
1722,9.440000000000001e-06,-0.72,0.64
1723,9.459999999999998e-06,-0.8,0.64
1724,9.48e-06,-0.8,0.56
1725,9.499999999999997e-06,-0.8,0.64
1726,9.52e-06,-0.88,0.64
1727,9.539999999999997e-06,-0.88,0.64
1728,9.56e-06,-0.96,0.64
1729,9.579999999999996e-06,-0.88,0.72
1730,9.6e-06,-0.96,0.64
1731,9.620000000000003e-06,-0.88,0.64
1732,9.64e-06,-0.88,0.72
1733,9.660000000000002e-06,-1.04,0.8
1734,9.679999999999999e-06,-0.96,0.64
1735,9.700000000000002e-06,-0.96,0.72
1736,9.719999999999998e-06,-0.96,0.64
1737,9.740000000000002e-06,-0.96,0.72
1738,9.759999999999998e-06,-1.12,0.64
1739,9.780000000000001e-06,-1.04,0.72
1740,9.799999999999998e-06,-1.04,0.72
1741,9.820000000000001e-06,-1.04,0.8
1742,9.839999999999997e-06,-1.2,0.64
1743,9.86e-06,-1.12,0.72
1744,9.879999999999997e-06,-1.12,0.64
1745,9.9e-06,-1.12,0.72
1746,9.919999999999997e-06,-1.12,0.72
1747,9.94e-06,-1.04,0.88
1748,9.960000000000003e-06,-1.2,0.64
1749,9.98e-06,-1.2,0.8
1750,1.0000000000000003e-05,-1.12,0.72
1751,1.0019999999999999e-05,-1.28,0.88
1752,1.0040000000000002e-05,-1.2,0.8
1753,1.0059999999999999e-05,-1.28,0.8
1754,1.0080000000000002e-05,-1.36,0.8
1755,1.0099999999999998e-05,-1.04,0.72
1756,1.0120000000000001e-05,-1.28,0.72
1757,1.0139999999999998e-05,-1.36,0.72
1758,1.0160000000000001e-05,-1.28,0.72
1759,1.0179999999999997e-05,-1.36,0.8
1760,1.02e-05,-1.44,0.72
1761,1.0219999999999997e-05,-1.28,0.8
1762,1.024e-05,-1.36,0.72
1763,1.0259999999999997e-05,-1.44,0.88
1764,1.028e-05,-1.36,0.8
1765,1.0299999999999996e-05,-1.44,0.8
1766,1.032e-05,-1.52,0.8
1767,1.0340000000000003e-05,-1.44,0.72
1768,1.0359999999999999e-05,-1.44,0.88
1769,1.0380000000000002e-05,-1.52,0.8
1770,1.0399999999999999e-05,-1.52,0.72
1771,1.0420000000000002e-05,-1.44,0.8
1772,1.0439999999999998e-05,-1.6,0.72
1773,1.0460000000000001e-05,-1.44,0.8
1774,1.0479999999999998e-05,-1.44,0.72
1775,1.0500000000000001e-05,-1.52,0.88
1776,1.0519999999999998e-05,-1.52,0.8
1777,1.054e-05,-1.6,0.88
1778,1.0559999999999997e-05,-1.68,0.88
1779,1.058e-05,-1.6,0.88
1780,1.0599999999999997e-05,-1.68,0.88
1781,1.062e-05,-1.76,0.72
1782,1.0639999999999996e-05,-1.6,0.88
1783,1.066e-05,-1.6,0.88
1784,1.0680000000000003e-05,-1.68,0.88
1785,1.07e-05,-1.68,0.88
1786,1.0720000000000002e-05,-1.76,0.96
1787,1.0739999999999999e-05,-1.68,0.88
1788,1.0760000000000002e-05,-1.76,0.88
1789,1.0779999999999998e-05,-1.68,0.88
1790,1.0800000000000002e-05,-1.68,0.88
1791,1.0819999999999998e-05,-1.76,0.88
1792,1.0840000000000001e-05,-1.76,0.72
1793,1.0859999999999998e-05,-1.68,0.88
1794,1.0880000000000001e-05,-1.76,0.8
1795,1.0899999999999997e-05,-1.84,0.88
1796,1.092e-05,-1.84,0.88
1797,1.0939999999999997e-05,-1.84,0.96
1798,1.096e-05,-1.76,0.88
1799,1.0979999999999997e-05,-1.84,0.88
1800,1.1e-05,-1.76,0.8
1801,1.1020000000000003e-05,-1.84,0.88
1802,1.104e-05,-1.76,0.8
1803,1.1060000000000003e-05,-1.84,0.72
1804,1.1079999999999999e-05,-1.92,0.88
1805,1.1100000000000002e-05,-1.92,0.96
1806,1.1119999999999999e-05,-1.92,0.88
1807,1.1140000000000002e-05,-1.84,0.96
1808,1.1159999999999998e-05,-1.92,0.88
1809,1.1180000000000001e-05,-1.92,0.8
1810,1.1199999999999998e-05,-1.92,0.96
1811,1.1220000000000001e-05,-2.0,0.88
1812,1.1239999999999997e-05,-2.0,0.96
1813,1.126e-05,-2.0,0.88
1814,1.1279999999999997e-05,-2.0,0.8
1815,1.13e-05,-2.08,0.88
1816,1.1319999999999997e-05,-1.92,0.88
1817,1.134e-05,-1.92,0.8
1818,1.1359999999999996e-05,-2.0,0.88
1819,1.138e-05,-2.08,0.96
1820,1.1400000000000003e-05,-2.0,0.96
1821,1.1419999999999999e-05,-2.08,0.8
1822,1.1440000000000002e-05,-2.08,0.88
1823,1.1459999999999999e-05,-2.08,0.8
1824,1.1480000000000002e-05,-2.08,0.88
1825,1.1499999999999998e-05,-2.08,0.96
1826,1.1520000000000002e-05,-2.08,0.88
1827,1.1539999999999998e-05,-2.16,0.8
1828,1.1560000000000001e-05,-2.16,0.88
1829,1.1579999999999998e-05,-2.08,0.8
1830,1.16e-05,-2.08,0.88
1831,1.1619999999999997e-05,-2.08,0.96
1832,1.164e-05,-2.16,0.88
1833,1.1659999999999997e-05,-2.16,0.8
1834,1.168e-05,-2.16,0.88
1835,1.1699999999999996e-05,-2.24,0.88
1836,1.172e-05,-2.08,0.88
1837,1.1740000000000003e-05,-2.24,0.88
1838,1.176e-05,-2.24,0.88
1839,1.1780000000000002e-05,-2.16,0.96
1840,1.1799999999999999e-05,-2.24,0.72
1841,1.1820000000000002e-05,-2.16,0.96
1842,1.1839999999999998e-05,-2.24,0.88
1843,1.1860000000000002e-05,-2.24,0.96
1844,1.1879999999999998e-05,-2.16,0.88
1845,1.1900000000000001e-05,-2.32,0.88
1846,1.1919999999999998e-05,-2.32,0.88
1847,1.1940000000000001e-05,-2.4,0.88
1848,1.1959999999999997e-05,-2.24,0.96
1849,1.198e-05,-2.32,0.88
1850,1.1999999999999997e-05,-2.24,0.88
1851,1.202e-05,-2.32,0.8
1852,1.2039999999999997e-05,-2.32,0.88
1853,1.206e-05,-2.4,0.88
1854,1.2080000000000003e-05,-2.24,0.8
1855,1.21e-05,-2.32,0.88
1856,1.2120000000000003e-05,-2.32,0.8
1857,1.2139999999999999e-05,-2.24,0.88
1858,1.2160000000000002e-05,-2.32,0.88
1859,1.2179999999999999e-05,-2.32,0.88
1860,1.2200000000000002e-05,-2.4,0.88
1861,1.2219999999999998e-05,-2.4,0.88
1862,1.2240000000000001e-05,-2.4,0.8
1863,1.2259999999999998e-05,-2.4,0.72
1864,1.2280000000000001e-05,-2.32,0.88
1865,1.2299999999999997e-05,-2.4,0.88
1866,1.232e-05,-2.32,0.88
1867,1.2339999999999997e-05,-2.4,0.96
1868,1.236e-05,-2.32,0.8
1869,1.2379999999999997e-05,-2.48,0.8
1870,1.24e-05,-2.32,0.88
1871,1.2419999999999996e-05,-2.4,0.8
1872,1.244e-05,-2.32,0.72
1873,1.2460000000000003e-05,-2.4,0.8
1874,1.2479999999999999e-05,-2.48,0.88
1875,1.2500000000000002e-05,-2.48,0.8
1876,1.2519999999999999e-05,-2.32,0.72
1877,1.2540000000000002e-05,-2.48,0.88
1878,1.2559999999999998e-05,-2.4,0.88
1879,1.2580000000000002e-05,-2.48,0.88
1880,1.2599999999999998e-05,-2.4,0.8
1881,1.2620000000000001e-05,-2.48,0.8
1882,1.2639999999999998e-05,-2.32,0.72
1883,1.266e-05,-2.4,0.8
1884,1.2679999999999997e-05,-2.32,0.88
1885,1.27e-05,-2.48,0.96
1886,1.2719999999999997e-05,-2.48,0.8
1887,1.274e-05,-2.56,0.8
1888,1.2759999999999996e-05,-2.4,0.72
1889,1.278e-05,-2.4,0.88
1890,1.2800000000000003e-05,-2.48,0.8
1891,1.282e-05,-2.48,0.8
1892,1.2840000000000002e-05,-2.4,0.8
1893,1.2859999999999999e-05,-2.56,0.8
1894,1.2880000000000002e-05,-2.4,0.72
1895,1.2899999999999998e-05,-2.48,0.88
1896,1.2920000000000002e-05,-2.4,0.72
1897,1.2939999999999998e-05,-2.48,0.88
1898,1.2960000000000001e-05,-2.56,0.8
1899,1.2979999999999998e-05,-2.48,0.8
1900,1.3000000000000001e-05,-2.4,0.64
1901,1.3019999999999997e-05,-2.48,0.8
1902,1.304e-05,-2.48,0.64
1903,1.3059999999999997e-05,-2.48,0.72
1904,1.308e-05,-2.64,0.72
1905,1.3099999999999997e-05,-2.56,0.8
1906,1.312e-05,-2.48,0.72
1907,1.3140000000000003e-05,-2.48,0.8
1908,1.316e-05,-2.48,0.8
1909,1.3180000000000003e-05,-2.56,0.8
1910,1.3199999999999999e-05,-2.56,0.72
1911,1.3220000000000002e-05,-2.56,0.72
1912,1.3239999999999999e-05,-2.56,0.88
1913,1.3260000000000002e-05,-2.48,0.56
1914,1.3279999999999998e-05,-2.48,0.64
1915,1.3300000000000001e-05,-2.48,0.72
1916,1.3319999999999998e-05,-2.32,0.72
1917,1.3340000000000001e-05,-2.56,0.72
1918,1.3359999999999997e-05,-2.4,0.64
1919,1.338e-05,-2.56,0.64
1920,1.3399999999999997e-05,-2.4,0.72
1921,1.342e-05,-2.56,0.72
1922,1.3439999999999997e-05,-2.4,0.56
1923,1.346e-05,-2.56,0.64
1924,1.3479999999999996e-05,-2.4,0.64
1925,1.35e-05,-2.56,0.64
1926,1.3520000000000003e-05,-2.4,0.64
1927,1.3539999999999999e-05,-2.48,0.72
1928,1.3560000000000002e-05,-2.32,0.72
1929,1.3579999999999999e-05,-2.56,0.72
1930,1.3600000000000002e-05,-2.48,0.64
1931,1.3619999999999998e-05,-2.56,0.64
1932,1.3640000000000002e-05,-2.4,0.64
1933,1.3659999999999998e-05,-2.48,0.72
1934,1.3680000000000001e-05,-2.48,0.56
1935,1.3699999999999998e-05,-2.56,0.64
1936,1.372e-05,-2.32,0.64
1937,1.3739999999999997e-05,-2.56,0.64
1938,1.376e-05,-2.32,0.64
1939,1.3779999999999997e-05,-2.4,0.64
1940,1.38e-05,-2.4,0.64
1941,1.3819999999999996e-05,-2.48,0.56
1942,1.384e-05,-2.48,0.56
1943,1.3860000000000003e-05,-2.4,0.64
1944,1.388e-05,-2.32,0.56
1945,1.3900000000000002e-05,-2.48,0.64
1946,1.3919999999999999e-05,-2.4,0.48
1947,1.3940000000000002e-05,-2.48,0.64
1948,1.3959999999999998e-05,-2.4,0.48
1949,1.3980000000000002e-05,-2.4,0.64
1950,1.3999999999999998e-05,-2.4,0.56
1951,1.4020000000000001e-05,-2.4,0.64
1952,1.4039999999999998e-05,-2.48,0.56
1953,1.4060000000000001e-05,-2.48,0.56
1954,1.4079999999999997e-05,-2.4,0.64
1955,1.41e-05,-2.32,0.48
1956,1.4119999999999997e-05,-2.32,0.56
1957,1.414e-05,-2.32,0.56
1958,1.4159999999999997e-05,-2.32,0.48
1959,1.418e-05,-2.4,0.56
1960,1.4200000000000003e-05,-2.32,0.48
1961,1.422e-05,-2.32,0.56
1962,1.4240000000000003e-05,-2.32,0.4
1963,1.4259999999999999e-05,-2.4,0.48
1964,1.4280000000000002e-05,-2.32,0.4
1965,1.4299999999999999e-05,-2.4,0.4
1966,1.4320000000000002e-05,-2.4,0.48
1967,1.4339999999999998e-05,-2.4,0.48
1968,1.4360000000000001e-05,-2.32,0.48
1969,1.4379999999999998e-05,-2.4,0.48
1970,1.4400000000000001e-05,-2.24,0.4
1971,1.4419999999999997e-05,-2.32,0.4
1972,1.444e-05,-2.24,0.32
1973,1.4459999999999997e-05,-2.32,0.4
1974,1.448e-05,-2.24,0.4
1975,1.4499999999999997e-05,-2.24,0.48
1976,1.452e-05,-2.24,0.4
1977,1.4539999999999996e-05,-2.24,0.4
1978,1.456e-05,-2.16,0.32
1979,1.4580000000000003e-05,-2.32,0.4
1980,1.4599999999999999e-05,-2.16,0.4
1981,1.4620000000000002e-05,-2.16,0.32
1982,1.4639999999999999e-05,-2.24,0.4
1983,1.4660000000000002e-05,-2.24,0.4
1984,1.4679999999999998e-05,-2.24,0.32
1985,1.4700000000000002e-05,-2.16,0.32
1986,1.4719999999999998e-05,-2.16,0.4
1987,1.4740000000000001e-05,-2.24,0.48
1988,1.4759999999999998e-05,-2.0,0.4
1989,1.478e-05,-2.24,0.4
1990,1.4799999999999997e-05,-2.16,0.24
1991,1.482e-05,-2.08,0.4
1992,1.4839999999999997e-05,-2.08,0.4
1993,1.486e-05,-2.16,0.32
1994,1.4879999999999996e-05,-2.16,0.4
1995,1.49e-05,-2.08,0.4
1996,1.4920000000000003e-05,-2.08,0.24
1997,1.494e-05,-2.16,0.4
1998,1.4960000000000002e-05,-2.0,0.32
1999,1.4979999999999999e-05,-2.16,0.4
2000,1.5000000000000002e-05,-2.0,0.24
2001,1.5019999999999998e-05,-2.08,0.24
2002,1.5040000000000002e-05,-2.0,0.24
2003,1.5059999999999998e-05,-2.08,0.24
2004,1.5080000000000001e-05,-2.0,0.24
2005,1.5099999999999998e-05,-2.0,0.24
2006,1.5120000000000001e-05,-2.0,0.24
2007,1.5139999999999997e-05,-2.0,0.24
2008,1.516e-05,-2.0,0.24
2009,1.5179999999999997e-05,-1.92,0.24
2010,1.52e-05,-1.92,0.16
2011,1.5219999999999997e-05,-2.0,0.24
2012,1.524e-05,-1.92,0.24
2013,1.5260000000000003e-05,-1.92,0.24
2014,1.528e-05,-1.84,0.08
2015,1.5300000000000003e-05,-1.92,0.24
2016,1.532e-05,-2.0,0.16
2017,1.5340000000000002e-05,-1.84,0.16
2018,1.536e-05,-1.84,0.24
2019,1.5380000000000002e-05,-1.84,0.16
2020,1.5399999999999998e-05,-1.84,0.08
2021,1.542e-05,-1.76,0.16
2022,1.5439999999999998e-05,-1.76,0.08
2023,1.546e-05,-1.84,0.16
2024,1.5479999999999997e-05,-1.92,0.16
2025,1.55e-05,-1.92,0.16
2026,1.5519999999999997e-05,-1.84,0.08
2027,1.554e-05,-1.84,0.08
2028,1.5559999999999997e-05,-1.6,0.08
2029,1.558e-05,-1.76,0.08
2030,1.5599999999999996e-05,-1.76,0.16
2031,1.562e-05,-1.76,0.16
2032,1.5640000000000003e-05,-1.68,0.08
2033,1.566e-05,-1.76,0.0
2034,1.5680000000000002e-05,-1.76,0.08
2035,1.57e-05,-1.68,0.08
2036,1.5720000000000002e-05,-1.76,0.08
2037,1.574e-05,-1.68,0.08
2038,1.576e-05,-1.52,-0.08
2039,1.5779999999999998e-05,-1.68,0.08
2040,1.58e-05,-1.52,0.0
2041,1.5819999999999998e-05,-1.6,0.0
2042,1.584e-05,-1.52,0.08
2043,1.5859999999999997e-05,-1.6,0.08
2044,1.588e-05,-1.52,-0.08
2045,1.5899999999999997e-05,-1.6,0.08
2046,1.592e-05,-1.6,-0.08
2047,1.5939999999999996e-05,-1.6,0.0
2048,1.596e-05,-1.6,0.0
2049,1.5980000000000003e-05,-1.52,0.16
2050,1.6e-05,-1.44,-0.08
2051,1.6020000000000002e-05,-1.52,-0.08
2052,1.604e-05,-1.44,-0.08
2053,1.6060000000000002e-05,-1.44,-0.08
2054,1.608e-05,-1.44,0.0
2055,1.6100000000000002e-05,-1.44,0.0
2056,1.6119999999999998e-05,-1.36,-0.16
2057,1.614e-05,-1.36,-0.08
2058,1.6159999999999998e-05,-1.36,-0.16
2059,1.618e-05,-1.44,-0.08
2060,1.6199999999999997e-05,-1.36,-0.08
2061,1.622e-05,-1.36,-0.08
2062,1.6239999999999997e-05,-1.36,-0.24
2063,1.626e-05,-1.36,-0.08
2064,1.6279999999999997e-05,-1.28,-0.08
2065,1.63e-05,-1.36,0.0
2066,1.6320000000000003e-05,-1.2,-0.08
2067,1.634e-05,-1.28,-0.08
2068,1.6360000000000003e-05,-1.28,-0.24
2069,1.638e-05,-1.28,-0.08
2070,1.6400000000000002e-05,-1.12,-0.16
2071,1.642e-05,-1.2,-0.08
2072,1.6440000000000002e-05,-1.28,-0.16
2073,1.6459999999999998e-05,-1.12,-0.16
2074,1.648e-05,-1.12,-0.32
2075,1.6499999999999998e-05,-1.28,-0.24
2076,1.652e-05,-1.04,-0.16
2077,1.6539999999999997e-05,-1.12,-0.24
2078,1.656e-05,-1.2,-0.32
2079,1.6579999999999997e-05,-1.12,-0.24
2080,1.66e-05,-0.96,-0.32
2081,1.6619999999999997e-05,-0.96,-0.16
2082,1.664e-05,-1.04,-0.16
2083,1.6659999999999996e-05,-1.04,-0.24
2084,1.668e-05,-1.04,-0.32
2085,1.6700000000000003e-05,-1.04,-0.32
2086,1.672e-05,-0.96,-0.32
2087,1.6740000000000002e-05,-0.96,-0.32
2088,1.676e-05,-0.88,-0.16
2089,1.6780000000000002e-05,-0.96,-0.32
2090,1.68e-05,-0.88,-0.32
2091,1.682e-05,-0.96,-0.24
2092,1.6839999999999998e-05,-0.8,-0.4
2093,1.686e-05,-1.04,-0.24
2094,1.6879999999999998e-05,-0.8,-0.24
2095,1.69e-05,-0.72,-0.32
2096,1.6919999999999997e-05,-0.88,-0.32
2097,1.694e-05,-0.88,-0.24
2098,1.6959999999999997e-05,-0.72,-0.4
2099,1.698e-05,-0.8,-0.32
2100,1.6999999999999996e-05,-0.72,-0.32
2101,1.702e-05,-0.8,-0.4
2102,1.7040000000000003e-05,-0.88,-0.4
2103,1.706e-05,-0.72,-0.32
2104,1.7080000000000002e-05,-0.64,-0.48
2105,1.71e-05,-0.8,-0.4
2106,1.7120000000000002e-05,-0.64,-0.32
2107,1.714e-05,-0.72,-0.32
2108,1.7160000000000002e-05,-0.8,-0.4
2109,1.7179999999999998e-05,-0.64,-0.4
2110,1.72e-05,-0.56,-0.48
2111,1.7219999999999998e-05,-0.48,-0.4
2112,1.724e-05,-0.56,-0.4
2113,1.7259999999999997e-05,-0.64,-0.4
2114,1.728e-05,-0.56,-0.48
2115,1.7299999999999997e-05,-0.56,-0.48
2116,1.732e-05,-0.48,-0.48
2117,1.7339999999999997e-05,-0.48,-0.32
2118,1.736e-05,-0.4,-0.4
2119,1.7380000000000003e-05,-0.56,-0.48
2120,1.74e-05,-0.4,-0.56
2121,1.7420000000000003e-05,-0.48,-0.48
2122,1.744e-05,-0.32,-0.56
2123,1.7460000000000002e-05,-0.48,-0.48
2124,1.748e-05,-0.4,-0.48
2125,1.7500000000000002e-05,-0.48,-0.48
2126,1.7519999999999998e-05,-0.32,-0.56
2127,1.754e-05,-0.4,-0.56
2128,1.7559999999999998e-05,-0.24,-0.56
2129,1.758e-05,-0.32,-0.48
2130,1.7599999999999998e-05,-0.32,-0.56
2131,1.762e-05,-0.32,-0.56
2132,1.7639999999999997e-05,-0.32,-0.56
2133,1.766e-05,-0.32,-0.56
2134,1.7679999999999997e-05,-0.16,-0.64
2135,1.77e-05,-0.16,-0.56
2136,1.7719999999999996e-05,-0.16,-0.48
2137,1.774e-05,-0.24,-0.64
2138,1.7760000000000003e-05,-0.24,-0.56
2139,1.778e-05,-0.24,-0.64
2140,1.7800000000000002e-05,-0.08,-0.64
2141,1.782e-05,-0.08,-0.56
2142,1.7840000000000002e-05,0.0,-0.56
2143,1.786e-05,-0.08,-0.64
2144,1.788e-05,-0.16,-0.64
2145,1.7899999999999998e-05,-0.16,-0.56
2146,1.792e-05,0.08,-0.64
2147,1.7939999999999998e-05,0.08,-0.56
2148,1.796e-05,0.08,-0.56
2149,1.7979999999999997e-05,-0.08,-0.56
2150,1.8e-05,0.0,-0.72
2151,1.8019999999999997e-05,0.0,-0.64
2152,1.804e-05,0.16,-0.64
2153,1.8059999999999996e-05,0.08,-0.72
2154,1.808e-05,0.16,-0.56
2155,1.8100000000000003e-05,0.16,-0.72
2156,1.812e-05,0.16,-0.72
2157,1.8140000000000003e-05,0.08,-0.72
2158,1.816e-05,0.24,-0.8
2159,1.8180000000000002e-05,0.24,-0.72
2160,1.82e-05,0.24,-0.64
2161,1.8220000000000002e-05,0.16,-0.8
2162,1.8239999999999998e-05,0.24,-0.72
2163,1.826e-05,0.24,-0.8
2164,1.8279999999999998e-05,0.32,-0.64
2165,1.83e-05,0.24,-0.64
2166,1.8319999999999997e-05,0.32,-0.72
2167,1.834e-05,0.24,-0.8
2168,1.8359999999999997e-05,0.32,-0.88
2169,1.838e-05,0.32,-0.8
2170,1.8399999999999997e-05,0.32,-0.8
2171,1.842e-05,0.4,-0.8
2172,1.8440000000000003e-05,0.48,-0.72
2173,1.846e-05,0.48,-0.72
2174,1.8480000000000003e-05,0.48,-0.8
2175,1.85e-05,0.48,-0.72
2176,1.8520000000000002e-05,0.48,-0.8
2177,1.854e-05,0.48,-0.8
2178,1.8560000000000002e-05,0.48,-0.8
2179,1.8579999999999998e-05,0.48,-0.8
2180,1.86e-05,0.56,-0.88
2181,1.8619999999999998e-05,0.48,-0.8
2182,1.864e-05,0.64,-0.8
2183,1.8659999999999998e-05,0.64,-0.88
2184,1.868e-05,0.64,-0.72
2185,1.8699999999999997e-05,0.48,-0.8
2186,1.872e-05,0.72,-0.8
2187,1.8739999999999997e-05,0.56,-0.8
2188,1.876e-05,0.72,-0.88
2189,1.8779999999999996e-05,0.64,-0.8
2190,1.88e-05,0.64,-0.8
2191,1.8820000000000003e-05,0.64,-0.88
2192,1.884e-05,0.64,-0.88
2193,1.8860000000000002e-05,0.72,-0.8
2194,1.888e-05,0.8,-0.88
2195,1.8900000000000002e-05,0.72,-0.88
2196,1.892e-05,0.8,-0.96
2197,1.894e-05,0.72,-0.88
2198,1.8959999999999998e-05,0.88,-0.96
2199,1.898e-05,0.8,-0.8
2200,1.8999999999999998e-05,0.96,-0.96
2201,1.902e-05,0.88,-0.88
2202,1.9039999999999997e-05,0.88,-0.88
2203,1.906e-05,0.8,-0.96
2204,1.9079999999999997e-05,0.8,-0.88
2205,1.91e-05,0.88,-0.88
2206,1.9119999999999997e-05,0.96,-0.96
2207,1.914e-05,0.96,-0.88
2208,1.9160000000000003e-05,1.04,-0.88
2209,1.918e-05,0.96,-0.96
2210,1.9200000000000003e-05,0.96,-1.04
2211,1.922e-05,0.88,-0.96
2212,1.9240000000000002e-05,1.04,-1.04
2213,1.926e-05,1.12,-0.96
2214,1.9280000000000002e-05,1.04,-0.88
2215,1.9299999999999998e-05,1.04,-0.96
2216,1.932e-05,1.12,-0.96
2217,1.9339999999999998e-05,1.2,-0.96
2218,1.936e-05,1.2,-1.04
2219,1.9379999999999997e-05,1.12,-0.96
2220,1.94e-05,1.12,-0.96
2221,1.9419999999999997e-05,1.2,-0.96
2222,1.944e-05,1.2,-0.96
2223,1.9459999999999997e-05,1.04,-0.96
2224,1.948e-05,1.2,-0.96
2225,1.9500000000000003e-05,1.2,-1.04
2226,1.952e-05,1.28,-0.96
2227,1.9540000000000003e-05,1.36,-1.04
2228,1.956e-05,1.2,-0.96
2229,1.9580000000000002e-05,1.28,-0.96
2230,1.96e-05,1.28,-0.96
2231,1.9620000000000002e-05,1.28,-0.96
2232,1.964e-05,1.28,-0.96
2233,1.966e-05,1.2,-1.04
2234,1.9679999999999998e-05,1.36,-1.04
2235,1.97e-05,1.36,-0.96
2236,1.9719999999999998e-05,1.44,-1.04
2237,1.974e-05,1.36,-0.96
2238,1.9759999999999997e-05,1.36,-1.04
2239,1.978e-05,1.36,-0.96
2240,1.9799999999999997e-05,1.52,-0.88
2241,1.982e-05,1.52,-0.96
2242,1.9839999999999996e-05,1.52,-1.04
2243,1.986e-05,1.44,-0.88
2244,1.9880000000000003e-05,1.44,-1.04
2245,1.99e-05,1.44,-1.12
2246,1.9920000000000002e-05,1.44,-0.96
2247,1.994e-05,1.6,-0.88
2248,1.9960000000000002e-05,1.52,-1.2
2249,1.998e-05,1.44,-1.04
2250,2e-05,1.52,-0.96
2251,2.0019999999999998e-05,1.52,-0.96
2252,2.004e-05,1.6,-1.04
2253,2.0059999999999998e-05,1.6,-0.88
2254,2.008e-05,1.68,-1.04
2255,2.0099999999999997e-05,1.52,-1.04
2256,2.012e-05,1.68,-0.96
2257,2.0139999999999997e-05,1.6,-1.04
2258,2.016e-05,1.6,-1.12
2259,2.0179999999999997e-05,1.6,-0.96
2260,2.02e-05,1.68,-1.04
2261,2.0220000000000003e-05,1.6,-1.04
2262,2.024e-05,1.68,-0.96
2263,2.0260000000000003e-05,1.68,-0.96
2264,2.028e-05,1.92,-1.04
2265,2.0300000000000002e-05,1.68,-0.96
2266,2.032e-05,1.76,-1.04
2267,2.0340000000000002e-05,1.76,-1.12
2268,2.0359999999999998e-05,1.84,-1.04
2269,2.038e-05,1.76,-1.12
2270,2.0399999999999998e-05,1.76,-1.12
2271,2.042e-05,1.84,-1.12
2272,2.0439999999999997e-05,1.76,-1.28
2273,2.046e-05,1.68,-1.12
2274,2.0479999999999997e-05,1.84,-1.04
2275,2.05e-05,1.84,-1.12
2276,2.0519999999999997e-05,1.84,-1.12
2277,2.054e-05,1.84,-1.04
2278,2.0560000000000003e-05,1.92,-1.2
2279,2.058e-05,1.92,-1.2
2280,2.0600000000000003e-05,1.92,-1.12
2281,2.062e-05,1.92,-1.12
2282,2.0640000000000002e-05,1.92,-1.04
2283,2.066e-05,1.92,-1.12
2284,2.0680000000000002e-05,1.92,-1.2
2285,2.07e-05,1.92,-1.12
2286,2.072e-05,1.92,-1.04
2287,2.0739999999999998e-05,2.08,-1.12
2288,2.076e-05,2.16,-1.04
2289,2.0779999999999998e-05,1.84,-0.96
2290,2.08e-05,2.08,-1.2
2291,2.0819999999999997e-05,1.92,-1.12
2292,2.084e-05,2.0,-1.12
2293,2.0859999999999997e-05,2.0,-1.12
2294,2.088e-05,2.0,-1.04
2295,2.0899999999999996e-05,2.0,-1.12
2296,2.092e-05,2.08,-1.04
2297,2.0940000000000003e-05,2.08,-1.04
2298,2.096e-05,2.08,-1.12
2299,2.0980000000000002e-05,2.24,-1.12
2300,2.1e-05,2.08,-1.12
2301,2.1020000000000002e-05,2.0,-1.04
2302,2.104e-05,2.16,-1.2
2303,2.106e-05,2.08,-1.12
2304,2.1079999999999998e-05,2.16,-1.04
2305,2.11e-05,2.08,-1.12
2306,2.1119999999999998e-05,2.08,-1.04
2307,2.114e-05,2.08,-1.04
2308,2.1159999999999997e-05,2.24,-1.2
2309,2.118e-05,2.16,-1.12
2310,2.1199999999999997e-05,2.16,-0.96
2311,2.122e-05,2.08,-1.12
2312,2.1239999999999997e-05,2.24,-1.12
2313,2.126e-05,2.08,-1.04
2314,2.1280000000000003e-05,2.24,-1.2
2315,2.13e-05,2.16,-1.12
2316,2.1320000000000003e-05,2.24,-1.12
2317,2.134e-05,2.16,-1.12
2318,2.1360000000000002e-05,2.24,-1.04
2319,2.138e-05,2.24,-0.96
2320,2.1400000000000002e-05,2.24,-1.04
2321,2.1419999999999998e-05,2.16,-1.04
2322,2.144e-05,2.24,-1.12
2323,2.1459999999999998e-05,2.24,-1.2
2324,2.148e-05,2.32,-1.04
2325,2.1499999999999997e-05,2.16,-1.04
2326,2.152e-05,2.4,-1.04
2327,2.1539999999999997e-05,2.16,-1.12
2328,2.156e-05,2.32,-1.04
2329,2.1579999999999997e-05,2.24,-1.04
2330,2.16e-05,2.32,-1.04
2331,2.1620000000000003e-05,2.32,-1.04
2332,2.164e-05,2.32,-1.04
2333,2.1660000000000003e-05,2.16,-1.04
2334,2.168e-05,2.32,-0.96
2335,2.1700000000000002e-05,2.32,-1.12
2336,2.172e-05,2.32,-1.04
2337,2.1740000000000002e-05,2.32,-0.96
2338,2.176e-05,2.32,-1.2
2339,2.178e-05,2.24,-1.12
2340,2.1799999999999998e-05,2.32,-0.88
2341,2.182e-05,2.4,-1.12
2342,2.1839999999999998e-05,2.4,-1.04
2343,2.186e-05,2.32,-0.96
2344,2.1879999999999997e-05,2.4,-1.2
2345,2.19e-05,2.4,-1.04
2346,2.1919999999999997e-05,2.4,-0.96
2347,2.194e-05,2.32,-1.04
2348,2.1959999999999996e-05,2.4,-1.04
2349,2.198e-05,2.32,-1.04
2350,2.2000000000000003e-05,2.4,-1.04
2351,2.202e-05,2.32,-1.04
2352,2.2040000000000002e-05,2.4,-0.96
2353,2.206e-05,2.4,-1.12
2354,2.2080000000000002e-05,2.4,-1.04
2355,2.21e-05,2.32,-1.04
2356,2.212e-05,2.4,-1.2
2357,2.2139999999999998e-05,2.4,-1.04
2358,2.216e-05,2.48,-0.96
2359,2.2179999999999998e-05,2.4,-0.96
2360,2.22e-05,2.48,-1.04
2361,2.2219999999999997e-05,2.4,-0.96
2362,2.224e-05,2.48,-0.96
2363,2.2259999999999997e-05,2.4,-1.04
2364,2.228e-05,2.4,-0.88
2365,2.2299999999999997e-05,2.48,-1.12
2366,2.232e-05,2.56,-1.04
2367,2.2340000000000003e-05,2.4,-0.96
2368,2.236e-05,2.4,-1.04
2369,2.2380000000000003e-05,2.48,-0.96
2370,2.24e-05,2.4,-0.88
2371,2.2420000000000002e-05,2.48,-0.96
2372,2.244e-05,2.48,-0.96
2373,2.2460000000000002e-05,2.4,-0.88
2374,2.2479999999999998e-05,2.4,-1.04
2375,2.25e-05,2.4,-0.96
2376,2.2519999999999998e-05,2.56,-0.88
2377,2.254e-05,2.48,-0.96
2378,2.2559999999999997e-05,2.48,-0.96
2379,2.258e-05,2.32,-0.96
2380,2.2599999999999997e-05,2.4,-1.04
2381,2.262e-05,2.48,-1.04
2382,2.2639999999999997e-05,2.48,-0.88
2383,2.266e-05,2.48,-0.96
2384,2.2680000000000003e-05,2.56,-0.96
2385,2.27e-05,2.32,-0.96
2386,2.2720000000000003e-05,2.4,-0.96
2387,2.274e-05,2.32,-0.96
2388,2.2760000000000002e-05,2.48,-0.88
2389,2.278e-05,2.48,-0.96
2390,2.2800000000000002e-05,2.4,-0.96
2391,2.282e-05,2.32,-0.8
2392,2.284e-05,2.4,-0.96
2393,2.2859999999999998e-05,2.32,-0.88
2394,2.288e-05,2.48,-0.8
2395,2.2899999999999998e-05,2.48,-0.88
2396,2.292e-05,2.56,-0.96
2397,2.2939999999999997e-05,2.4,-0.8
2398,2.296e-05,2.56,-0.96
2399,2.2979999999999997e-05,2.4,-0.8
2400,2.3e-05,2.48,-0.88
2401,2.3019999999999996e-05,2.48,-0.96
2402,2.304e-05,2.4,-0.88
2403,2.3060000000000003e-05,2.32,-0.8
2404,2.308e-05,2.48,-0.88
2405,2.3100000000000002e-05,2.32,-0.88
2406,2.312e-05,2.4,-0.8
2407,2.3140000000000002e-05,2.4,-0.88
2408,2.316e-05,2.4,-0.96
2409,2.318e-05,2.32,-0.8
2410,2.3199999999999998e-05,2.48,-0.88
2411,2.322e-05,2.4,-0.88
2412,2.3239999999999998e-05,2.4,-0.8
2413,2.326e-05,2.4,-0.88
2414,2.3279999999999997e-05,2.48,-0.72
2415,2.33e-05,2.48,-0.8
2416,2.3319999999999997e-05,2.48,-0.88
2417,2.334e-05,2.4,-0.8
2418,2.3359999999999997e-05,2.4,-0.88
2419,2.338e-05,2.4,-0.8
2420,2.3400000000000003e-05,2.4,-0.72
2421,2.342e-05,2.32,-0.8
2422,2.3440000000000003e-05,2.32,-0.88
2423,2.346e-05,2.32,-0.88
2424,2.3480000000000002e-05,2.48,-0.8
2425,2.35e-05,2.4,-0.8
2426,2.3520000000000002e-05,2.32,-0.72
2427,2.3539999999999998e-05,2.32,-0.8
2428,2.356e-05,2.32,-0.8
2429,2.3579999999999998e-05,2.32,-0.8
2430,2.36e-05,2.4,-0.72
2431,2.3619999999999997e-05,2.16,-0.72
2432,2.364e-05,2.4,-0.72
2433,2.3659999999999997e-05,2.32,-0.8
2434,2.368e-05,2.24,-0.8
2435,2.3699999999999997e-05,2.32,-0.64
2436,2.372e-05,2.32,-0.56
2437,2.3740000000000003e-05,2.24,-0.72
2438,2.376e-05,2.4,-0.72
2439,2.3780000000000003e-05,2.32,-0.64
2440,2.38e-05,2.32,-0.64
2441,2.3820000000000002e-05,2.24,-0.64
2442,2.384e-05,2.24,-0.64
2443,2.3860000000000002e-05,2.24,-0.72
2444,2.388e-05,2.32,-0.64
2445,2.39e-05,2.24,-0.64
2446,2.3919999999999998e-05,2.24,-0.56
2447,2.394e-05,2.16,-0.72
2448,2.3959999999999998e-05,2.24,-0.56
2449,2.398e-05,2.24,-0.64
2450,2.3999999999999997e-05,2.16,-0.72
2451,2.402e-05,2.16,-0.64
2452,2.4039999999999997e-05,2.24,-0.64
2453,2.406e-05,2.16,-0.56
2454,2.4079999999999996e-05,2.16,-0.56
2455,2.41e-05,2.24,-0.64
2456,2.4120000000000003e-05,2.16,-0.56
2457,2.414e-05,2.16,-0.64
2458,2.4160000000000002e-05,2.16,-0.56
2459,2.418e-05,2.16,-0.56
2460,2.4200000000000002e-05,2.16,-0.48
2461,2.422e-05,2.08,-0.48
2462,2.4240000000000002e-05,2.24,-0.64
2463,2.4259999999999998e-05,2.08,-0.56
2464,2.428e-05,2.08,-0.64
2465,2.4299999999999998e-05,2.08,-0.56
2466,2.432e-05,2.08,-0.48
2467,2.4339999999999997e-05,2.08,-0.56
2468,2.436e-05,2.0,-0.56
2469,2.4379999999999997e-05,1.92,-0.56
2470,2.44e-05,2.0,-0.64
2471,2.4419999999999997e-05,1.92,-0.56
2472,2.444e-05,2.0,-0.4
2473,2.4460000000000003e-05,2.0,-0.48
2474,2.448e-05,2.08,-0.48
2475,2.4500000000000003e-05,1.92,-0.56
2476,2.452e-05,2.0,-0.48
2477,2.4540000000000002e-05,1.92,-0.56
2478,2.456e-05,1.92,-0.4
2479,2.4580000000000002e-05,1.92,-0.4
2480,2.4599999999999998e-05,2.0,-0.48
2481,2.462e-05,1.84,-0.56
2482,2.4639999999999998e-05,1.92,-0.48
2483,2.466e-05,1.92,-0.48
2484,2.4679999999999997e-05,1.84,-0.48
2485,2.47e-05,1.84,-0.4
2486,2.4719999999999997e-05,1.92,-0.48
2487,2.474e-05,1.84,-0.4
2488,2.4759999999999997e-05,1.84,-0.4
2489,2.478e-05,1.76,-0.4
2490,2.4800000000000003e-05,1.92,-0.32
2491,2.482e-05,1.84,-0.4
2492,2.4840000000000003e-05,1.84,-0.32
2493,2.486e-05,1.84,-0.4
2494,2.4880000000000002e-05,1.92,-0.4
2495,2.49e-05,1.76,-0.4
2496,2.4920000000000002e-05,1.84,-0.32
2497,2.494e-05,1.84,-0.4
2498,2.496e-05,1.76,-0.4
2499,2.4979999999999998e-05,1.68,-0.32
